primary_key,id_estacao,data_medicao,altura_agua,data_particao
5_2024-03-21 23:45:00,5,2024-03-21T23:45:00,0.15,2024-03-21
5_2024-03-21 23:15:00,5,2024-03-21T23:15:00,,2024-03-21
5_2024-03-21 23:30:00,5,2024-03-21T23:30:00,0.16,2024-03-21
2_2024-03-21 21:45:00,2,2024-03-21T21:45:00,0.33,2024-03-21
2_2024-03-21 22:00:00,2,2024-03-21T22:00:00,0.33,2024-03-21
2_2024-03-21 21:30:00,2,2024-03-21T21:30:00,0.33,2024-03-21
2_2024-03-21 21:15:00,2,2024-03-21T21:15:00,0.33,2024-03-21
2_2024-03-21 20:15:00,2,2024-03-21T20:15:00,0.33,2024-03-21
2_2024-03-21 20:45:00,2,2024-03-21T20:45:00,0.33,2024-03-21
2_2024-03-21 21:00:00,2,2024-03-21T21:00:00,0.33,2024-03-21
2_2024-03-21 20:00:00,2,2024-03-21T20:00:00,0.33,2024-03-21
2_2024-03-21 19:15:00,2,2024-03-21T19:15:00,0.33,2024-03-21
2_2024-03-21 19:45:00,2,2024-03-21T19:45:00,0.33,2024-03-21
2_2024-03-21 19:30:00,2,2024-03-21T19:30:00,0.33,2024-03-21
2_2024-03-21 18:30:00,2,2024-03-21T18:30:00,0.33,2024-03-21
2_2024-03-21 18:15:00,2,2024-03-21T18:15:00,0.33,2024-03-21
2_2024-03-21 19:00:00,2,2024-03-21T19:00:00,0.33,2024-03-21
2_2024-03-21 18:45:00,2,2024-03-21T18:45:00,0.33,2024-03-21
2_2024-03-21 17:45:00,2,2024-03-21T17:45:00,0.33,2024-03-21
2_2024-03-21 17:30:00,2,2024-03-21T17:30:00,0.33,2024-03-21
2_2024-03-21 17:15:00,2,2024-03-21T17:15:00,0.33,2024-03-21
2_2024-03-21 18:00:00,2,2024-03-21T18:00:00,0.33,2024-03-21
2_2024-03-21 16:45:00,2,2024-03-21T16:45:00,0.33,2024-03-21
2_2024-03-21 16:15:00,2,2024-03-21T16:15:00,0.33,2024-03-21
2_2024-03-21 16:30:00,2,2024-03-21T16:30:00,0.33,2024-03-21
2_2024-03-21 17:00:00,2,2024-03-21T17:00:00,0.33,2024-03-21
2_2024-03-21 15:30:00,2,2024-03-21T15:30:00,0.33,2024-03-21
2_2024-03-21 14:15:00,2,2024-03-21T14:15:00,0.33,2024-03-21
2_2024-03-21 14:45:00,2,2024-03-21T14:45:00,0.33,2024-03-21
2_2024-03-21 15:00:00,2,2024-03-21T15:00:00,0.33,2024-03-21
2_2024-03-21 14:30:00,2,2024-03-21T14:30:00,0.33,2024-03-21
2_2024-03-21 13:30:00,2,2024-03-21T13:30:00,0.33,2024-03-21
2_2024-03-21 13:15:00,2,2024-03-21T13:15:00,0.33,2024-03-21
2_2024-03-21 13:45:00,2,2024-03-21T13:45:00,0.33,2024-03-21
2_2024-03-21 14:00:00,2,2024-03-21T14:00:00,0.33,2024-03-21
2_2024-03-21 12:30:00,2,2024-03-21T12:30:00,0.33,2024-03-21
2_2024-03-21 12:15:00,2,2024-03-21T12:15:00,0.33,2024-03-21
2_2024-03-21 12:45:00,2,2024-03-21T12:45:00,0.33,2024-03-21
2_2024-03-21 13:00:00,2,2024-03-21T13:00:00,0.33,2024-03-21
2_2024-03-21 11:15:00,2,2024-03-21T11:15:00,0.33,2024-03-21
2_2024-03-21 12:00:00,2,2024-03-21T12:00:00,0.33,2024-03-21
2_2024-03-21 11:45:00,2,2024-03-21T11:45:00,0.33,2024-03-21
2_2024-03-21 11:30:00,2,2024-03-21T11:30:00,0.33,2024-03-21
2_2024-03-21 10:45:00,2,2024-03-21T10:45:00,0.33,2024-03-21
2_2024-03-21 11:00:00,2,2024-03-21T11:00:00,0.33,2024-03-21
2_2024-03-21 10:30:00,2,2024-03-21T10:30:00,0.33,2024-03-21
2_2024-03-21 10:15:00,2,2024-03-21T10:15:00,0.33,2024-03-21
2_2024-03-21 09:15:00,2,2024-03-21T09:15:00,0.33,2024-03-21
2_2024-03-21 09:45:00,2,2024-03-21T09:45:00,0.33,2024-03-21
2_2024-03-21 09:30:00,2,2024-03-21T09:30:00,0.33,2024-03-21
2_2024-03-21 10:00:00,2,2024-03-21T10:00:00,0.33,2024-03-21
2_2024-03-21 08:45:00,2,2024-03-21T08:45:00,0.33,2024-03-21
2_2024-03-21 09:00:00,2,2024-03-21T09:00:00,0.33,2024-03-21
2_2024-03-21 08:30:00,2,2024-03-21T08:30:00,0.33,2024-03-21
2_2024-03-21 00:15:00,2,2024-03-21T00:15:00,0.33,2024-03-21
2_2024-03-21 08:15:00,2,2024-03-21T08:15:00,0.34,2024-03-21
2_2024-03-21 08:00:00,2,2024-03-21T08:00:00,0.34,2024-03-21
2_2024-03-21 07:30:00,2,2024-03-21T07:30:00,0.34,2024-03-21
2_2024-03-21 06:15:00,2,2024-03-21T06:15:00,0.34,2024-03-21
2_2024-03-21 06:45:00,2,2024-03-21T06:45:00,0.34,2024-03-21
2_2024-03-21 06:30:00,2,2024-03-21T06:30:00,0.34,2024-03-21
2_2024-03-21 07:00:00,2,2024-03-21T07:00:00,0.34,2024-03-21
2_2024-03-21 05:15:00,2,2024-03-21T05:15:00,0.34,2024-03-21
2_2024-03-21 06:00:00,2,2024-03-21T06:00:00,0.34,2024-03-21
2_2024-03-21 05:30:00,2,2024-03-21T05:30:00,0.34,2024-03-21
2_2024-03-21 05:45:00,2,2024-03-21T05:45:00,0.34,2024-03-21
2_2024-03-21 04:00:00,2,2024-03-21T04:00:00,0.34,2024-03-21
2_2024-03-21 03:45:00,2,2024-03-21T03:45:00,0.34,2024-03-21
2_2024-03-21 03:15:00,2,2024-03-21T03:15:00,0.34,2024-03-21
2_2024-03-21 03:30:00,2,2024-03-21T03:30:00,0.34,2024-03-21
2_2024-03-21 01:15:00,2,2024-03-21T01:15:00,0.34,2024-03-21
2_2024-03-21 02:00:00,2,2024-03-21T02:00:00,0.34,2024-03-21
2_2024-03-21 01:30:00,2,2024-03-21T01:30:00,0.34,2024-03-21
2_2024-03-21 01:00:00,2,2024-03-21T01:00:00,0.34,2024-03-21
2_2024-03-21 00:45:00,2,2024-03-21T00:45:00,0.34,2024-03-21
2_2024-03-21 00:30:00,2,2024-03-21T00:30:00,0.34,2024-03-21
2_2024-03-21 00:00:00,2,2024-03-21T00:00:00,0.34,2024-03-21
2_2024-03-21 01:45:00,2,2024-03-21T01:45:00,0.34,2024-03-21
2_2024-03-21 03:00:00,2,2024-03-21T03:00:00,0.34,2024-03-21
2_2024-03-21 02:45:00,2,2024-03-21T02:45:00,0.34,2024-03-21
2_2024-03-21 02:15:00,2,2024-03-21T02:15:00,0.34,2024-03-21
2_2024-03-21 02:30:00,2,2024-03-21T02:30:00,0.34,2024-03-21
2_2024-03-21 07:15:00,2,2024-03-21T07:15:00,0.34,2024-03-21
2_2024-03-21 07:45:00,2,2024-03-21T07:45:00,0.34,2024-03-21
2_2024-03-21 15:45:00,2,2024-03-21T15:45:00,0.33,2024-03-21
2_2024-03-21 16:00:00,2,2024-03-21T16:00:00,0.33,2024-03-21
2_2024-03-21 15:15:00,2,2024-03-21T15:15:00,0.33,2024-03-21
2_2024-03-21 20:30:00,2,2024-03-21T20:30:00,0.33,2024-03-21
5_2024-03-21 22:45:00,5,2024-03-21T22:45:00,0.17,2024-03-21
5_2024-03-21 23:00:00,5,2024-03-21T23:00:00,0.16,2024-03-21
5_2024-03-21 22:30:00,5,2024-03-21T22:30:00,0.17,2024-03-21
5_2024-03-21 22:00:00,5,2024-03-21T22:00:00,0.17,2024-03-21
5_2024-03-21 22:15:00,5,2024-03-21T22:15:00,0.17,2024-03-21
5_2024-03-21 21:45:00,5,2024-03-21T21:45:00,0.17,2024-03-21
5_2024-03-21 21:15:00,5,2024-03-21T21:15:00,,2024-03-21
5_2024-03-21 21:30:00,5,2024-03-21T21:30:00,,2024-03-21
5_2024-03-21 21:00:00,5,2024-03-21T21:00:00,0.17,2024-03-21
5_2024-03-21 20:30:00,5,2024-03-21T20:30:00,,2024-03-21
5_2024-03-21 20:45:00,5,2024-03-21T20:45:00,0.17,2024-03-21
5_2024-03-21 20:15:00,5,2024-03-21T20:15:00,0.18,2024-03-21
5_2024-03-21 20:00:00,5,2024-03-21T20:00:00,0.18,2024-03-21
5_2024-03-21 19:45:00,5,2024-03-21T19:45:00,0.18,2024-03-21
5_2024-03-21 19:15:00,5,2024-03-21T19:15:00,,2024-03-21
5_2024-03-21 19:30:00,5,2024-03-21T19:30:00,0.17,2024-03-21
5_2024-03-21 18:30:00,5,2024-03-21T18:30:00,,2024-03-21
5_2024-03-21 19:00:00,5,2024-03-21T19:00:00,0.17,2024-03-21
5_2024-03-21 18:45:00,5,2024-03-21T18:45:00,0.16,2024-03-21
5_2024-03-21 18:15:00,5,2024-03-21T18:15:00,0.16,2024-03-21
5_2024-03-21 17:30:00,5,2024-03-21T17:30:00,0.17,2024-03-21
5_2024-03-21 17:15:00,5,2024-03-21T17:15:00,0.17,2024-03-21
5_2024-03-21 16:30:00,5,2024-03-21T16:30:00,,2024-03-21
5_2024-03-21 16:45:00,5,2024-03-21T16:45:00,,2024-03-21
5_2024-03-21 17:00:00,5,2024-03-21T17:00:00,0.17,2024-03-21
5_2024-03-21 16:00:00,5,2024-03-21T16:00:00,,2024-03-21
5_2024-03-21 15:30:00,5,2024-03-21T15:30:00,,2024-03-21
5_2024-03-21 14:30:00,5,2024-03-21T14:30:00,,2024-03-21
5_2024-03-21 14:00:00,5,2024-03-21T14:00:00,,2024-03-21
5_2024-03-21 11:45:00,5,2024-03-21T11:45:00,,2024-03-21
5_2024-03-21 11:15:00,5,2024-03-21T11:15:00,,2024-03-21
5_2024-03-21 10:30:00,5,2024-03-21T10:30:00,,2024-03-21
5_2024-03-21 10:45:00,5,2024-03-21T10:45:00,,2024-03-21
5_2024-03-21 11:00:00,5,2024-03-21T11:00:00,,2024-03-21
5_2024-03-21 09:45:00,5,2024-03-21T09:45:00,,2024-03-21
5_2024-03-21 08:45:00,5,2024-03-21T08:45:00,,2024-03-21
5_2024-03-21 08:00:00,5,2024-03-21T08:00:00,,2024-03-21
5_2024-03-21 07:00:00,5,2024-03-21T07:00:00,,2024-03-21
5_2024-03-21 07:15:00,5,2024-03-21T07:15:00,,2024-03-21
5_2024-03-21 07:30:00,5,2024-03-21T07:30:00,,2024-03-21
5_2024-03-21 05:15:00,5,2024-03-21T05:15:00,,2024-03-21
5_2024-03-21 04:30:00,5,2024-03-21T04:30:00,,2024-03-21
5_2024-03-21 01:30:00,5,2024-03-21T01:30:00,,2024-03-21
5_2024-03-21 00:45:00,5,2024-03-21T00:45:00,,2024-03-21
5_2024-03-21 05:45:00,5,2024-03-21T05:45:00,0.09,2024-03-21
5_2024-03-21 06:00:00,5,2024-03-21T06:00:00,0.09,2024-03-21
5_2024-03-21 05:30:00,5,2024-03-21T05:30:00,0.09,2024-03-21
5_2024-03-21 05:00:00,5,2024-03-21T05:00:00,0.09,2024-03-21
5_2024-03-21 04:45:00,5,2024-03-21T04:45:00,0.09,2024-03-21
5_2024-03-21 03:30:00,5,2024-03-21T03:30:00,0.09,2024-03-21
5_2024-03-21 04:00:00,5,2024-03-21T04:00:00,0.09,2024-03-21
5_2024-03-21 03:45:00,5,2024-03-21T03:45:00,0.09,2024-03-21
5_2024-03-21 15:00:00,5,2024-03-21T15:00:00,0.18,2024-03-21
5_2024-03-21 14:45:00,5,2024-03-21T14:45:00,0.18,2024-03-21
5_2024-03-21 11:30:00,5,2024-03-21T11:30:00,0.18,2024-03-21
5_2024-03-21 10:15:00,5,2024-03-21T10:15:00,0.18,2024-03-21
5_2024-03-21 10:00:00,5,2024-03-21T10:00:00,0.18,2024-03-21
5_2024-03-21 09:30:00,5,2024-03-21T09:30:00,0.18,2024-03-21
5_2024-03-21 13:45:00,5,2024-03-21T13:45:00,0.18,2024-03-21
5_2024-03-21 13:30:00,5,2024-03-21T13:30:00,0.18,2024-03-21
5_2024-03-21 06:30:00,5,2024-03-21T06:30:00,0.11,2024-03-21
5_2024-03-21 06:45:00,5,2024-03-21T06:45:00,0.11,2024-03-21
5_2024-03-21 02:30:00,5,2024-03-21T02:30:00,0.11,2024-03-21
5_2024-03-21 02:00:00,5,2024-03-21T02:00:00,0.11,2024-03-21
5_2024-03-21 07:45:00,5,2024-03-21T07:45:00,0.15,2024-03-21
5_2024-03-21 00:30:00,5,2024-03-21T00:30:00,0.15,2024-03-21
5_2024-03-21 00:00:00,5,2024-03-21T00:00:00,0.15,2024-03-21
5_2024-03-21 00:15:00,5,2024-03-21T00:15:00,0.15,2024-03-21
5_2024-03-21 14:15:00,5,2024-03-21T14:15:00,0.19,2024-03-21
5_2024-03-21 13:15:00,5,2024-03-21T13:15:00,0.19,2024-03-21
5_2024-03-21 13:00:00,5,2024-03-21T13:00:00,0.19,2024-03-21
5_2024-03-21 12:30:00,5,2024-03-21T12:30:00,0.19,2024-03-21
5_2024-03-21 12:45:00,5,2024-03-21T12:45:00,0.19,2024-03-21
5_2024-03-21 12:15:00,5,2024-03-21T12:15:00,0.19,2024-03-21
5_2024-03-21 12:00:00,5,2024-03-21T12:00:00,0.19,2024-03-21
5_2024-03-21 08:15:00,5,2024-03-21T08:15:00,0.16,2024-03-21
5_2024-03-21 06:15:00,5,2024-03-21T06:15:00,0.1,2024-03-21
5_2024-03-21 04:15:00,5,2024-03-21T04:15:00,0.1,2024-03-21
5_2024-03-21 03:15:00,5,2024-03-21T03:15:00,0.1,2024-03-21
5_2024-03-21 03:00:00,5,2024-03-21T03:00:00,0.1,2024-03-21
5_2024-03-21 02:45:00,5,2024-03-21T02:45:00,0.1,2024-03-21
5_2024-03-21 09:15:00,5,2024-03-21T09:15:00,0.2,2024-03-21
5_2024-03-21 01:00:00,5,2024-03-21T01:00:00,0.13,2024-03-21
5_2024-03-21 01:15:00,5,2024-03-21T01:15:00,0.13,2024-03-21
5_2024-03-21 02:15:00,5,2024-03-21T02:15:00,0.12,2024-03-21
5_2024-03-21 01:45:00,5,2024-03-21T01:45:00,0.12,2024-03-21
5_2024-03-21 16:15:00,5,2024-03-21T16:15:00,0.17,2024-03-21
5_2024-03-21 15:45:00,5,2024-03-21T15:45:00,0.17,2024-03-21
5_2024-03-21 09:00:00,5,2024-03-21T09:00:00,0.17,2024-03-21
5_2024-03-21 08:30:00,5,2024-03-21T08:30:00,0.17,2024-03-21
5_2024-03-21 18:00:00,5,2024-03-21T18:00:00,0.17,2024-03-21
5_2024-03-21 17:45:00,5,2024-03-21T17:45:00,,2024-03-21
2_2024-03-15 14:00:00,2,2024-03-15T14:00:00,,2024-03-15
2_2024-03-15 01:15:00,2,2024-03-15T01:15:00,,2024-03-15
2_2024-03-15 03:00:00,2,2024-03-15T03:00:00,,2024-03-15
2_2024-03-15 08:00:00,2,2024-03-15T08:00:00,,2024-03-15
2_2024-03-15 04:15:00,2,2024-03-15T04:15:00,,2024-03-15
2_2024-03-15 05:45:00,2,2024-03-15T05:45:00,,2024-03-15
2_2024-03-15 12:00:00,2,2024-03-15T12:00:00,,2024-03-15
2_2024-03-15 08:15:00,2,2024-03-15T08:15:00,,2024-03-15
2_2024-03-15 09:00:00,2,2024-03-15T09:00:00,,2024-03-15
2_2024-03-15 05:30:00,2,2024-03-15T05:30:00,,2024-03-15
2_2024-03-15 13:45:00,2,2024-03-15T13:45:00,,2024-03-15
2_2024-03-15 02:00:00,2,2024-03-15T02:00:00,,2024-03-15
2_2024-03-15 02:15:00,2,2024-03-15T02:15:00,,2024-03-15
2_2024-03-15 03:15:00,2,2024-03-15T03:15:00,,2024-03-15
2_2024-03-15 11:15:00,2,2024-03-15T11:15:00,,2024-03-15
2_2024-03-15 02:30:00,2,2024-03-15T02:30:00,,2024-03-15
2_2024-03-15 10:30:00,2,2024-03-15T10:30:00,,2024-03-15
2_2024-03-15 02:45:00,2,2024-03-15T02:45:00,,2024-03-15
2_2024-03-15 06:30:00,2,2024-03-15T06:30:00,,2024-03-15
2_2024-03-15 12:30:00,2,2024-03-15T12:30:00,,2024-03-15
2_2024-03-15 08:30:00,2,2024-03-15T08:30:00,,2024-03-15
2_2024-03-15 03:45:00,2,2024-03-15T03:45:00,,2024-03-15
2_2024-03-15 05:00:00,2,2024-03-15T05:00:00,,2024-03-15
2_2024-03-15 12:15:00,2,2024-03-15T12:15:00,,2024-03-15
2_2024-03-15 13:15:00,2,2024-03-15T13:15:00,,2024-03-15
2_2024-03-15 07:45:00,2,2024-03-15T07:45:00,,2024-03-15
2_2024-03-15 13:30:00,2,2024-03-15T13:30:00,,2024-03-15
2_2024-03-15 07:30:00,2,2024-03-15T07:30:00,,2024-03-15
2_2024-03-15 07:15:00,2,2024-03-15T07:15:00,,2024-03-15
2_2024-03-15 04:30:00,2,2024-03-15T04:30:00,,2024-03-15
2_2024-03-15 09:15:00,2,2024-03-15T09:15:00,,2024-03-15
2_2024-03-15 01:45:00,2,2024-03-15T01:45:00,,2024-03-15
2_2024-03-15 05:15:00,2,2024-03-15T05:15:00,,2024-03-15
2_2024-03-15 00:00:00,2,2024-03-15T00:00:00,,2024-03-15
2_2024-03-15 10:45:00,2,2024-03-15T10:45:00,,2024-03-15
2_2024-03-15 07:00:00,2,2024-03-15T07:00:00,,2024-03-15
2_2024-03-15 04:00:00,2,2024-03-15T04:00:00,,2024-03-15
2_2024-03-15 10:15:00,2,2024-03-15T10:15:00,,2024-03-15
2_2024-03-15 08:45:00,2,2024-03-15T08:45:00,,2024-03-15
2_2024-03-15 13:00:00,2,2024-03-15T13:00:00,,2024-03-15
2_2024-03-15 09:45:00,2,2024-03-15T09:45:00,,2024-03-15
2_2024-03-15 11:00:00,2,2024-03-15T11:00:00,,2024-03-15
2_2024-03-15 01:30:00,2,2024-03-15T01:30:00,,2024-03-15
2_2024-03-15 00:15:00,2,2024-03-15T00:15:00,,2024-03-15
2_2024-03-15 01:00:00,2,2024-03-15T01:00:00,,2024-03-15
2_2024-03-15 06:00:00,2,2024-03-15T06:00:00,,2024-03-15
2_2024-03-15 03:30:00,2,2024-03-15T03:30:00,,2024-03-15
2_2024-03-15 12:45:00,2,2024-03-15T12:45:00,,2024-03-15
2_2024-03-15 11:30:00,2,2024-03-15T11:30:00,,2024-03-15
2_2024-03-15 09:30:00,2,2024-03-15T09:30:00,,2024-03-15
2_2024-03-15 10:00:00,2,2024-03-15T10:00:00,,2024-03-15
2_2024-03-15 11:45:00,2,2024-03-15T11:45:00,,2024-03-15
2_2024-03-15 04:45:00,2,2024-03-15T04:45:00,,2024-03-15
2_2024-03-15 06:45:00,2,2024-03-15T06:45:00,,2024-03-15
2_2024-03-15 00:30:00,2,2024-03-15T00:30:00,,2024-03-15
2_2024-03-15 00:45:00,2,2024-03-15T00:45:00,,2024-03-15
2_2024-03-15 06:15:00,2,2024-03-15T06:15:00,,2024-03-15
2_2024-03-15 21:15:00,2,2024-03-15T21:15:00,0.34,2024-03-15
2_2024-03-15 21:30:00,2,2024-03-15T21:30:00,0.34,2024-03-15
2_2024-03-15 22:00:00,2,2024-03-15T22:00:00,0.34,2024-03-15
2_2024-03-15 21:45:00,2,2024-03-15T21:45:00,0.34,2024-03-15
2_2024-03-15 20:15:00,2,2024-03-15T20:15:00,0.34,2024-03-15
2_2024-03-15 20:30:00,2,2024-03-15T20:30:00,0.34,2024-03-15
2_2024-03-15 20:45:00,2,2024-03-15T20:45:00,0.34,2024-03-15
2_2024-03-15 21:00:00,2,2024-03-15T21:00:00,0.34,2024-03-15
2_2024-03-15 19:45:00,2,2024-03-15T19:45:00,0.34,2024-03-15
2_2024-03-15 20:00:00,2,2024-03-15T20:00:00,0.34,2024-03-15
2_2024-03-15 19:30:00,2,2024-03-15T19:30:00,0.34,2024-03-15
2_2024-03-15 19:15:00,2,2024-03-15T19:15:00,0.34,2024-03-15
2_2024-03-15 16:15:00,2,2024-03-15T16:15:00,0.34,2024-03-15
2_2024-03-15 16:45:00,2,2024-03-15T16:45:00,0.34,2024-03-15
2_2024-03-15 17:45:00,2,2024-03-15T17:45:00,0.34,2024-03-15
2_2024-03-15 17:30:00,2,2024-03-15T17:30:00,0.34,2024-03-15
2_2024-03-15 17:00:00,2,2024-03-15T17:00:00,0.34,2024-03-15
2_2024-03-15 16:30:00,2,2024-03-15T16:30:00,0.34,2024-03-15
2_2024-03-15 18:00:00,2,2024-03-15T18:00:00,0.34,2024-03-15
2_2024-03-15 17:15:00,2,2024-03-15T17:15:00,0.34,2024-03-15
2_2024-03-15 14:30:00,2,2024-03-15T14:30:00,0.34,2024-03-15
2_2024-03-15 15:45:00,2,2024-03-15T15:45:00,0.34,2024-03-15
2_2024-03-15 15:30:00,2,2024-03-15T15:30:00,0.34,2024-03-15
2_2024-03-15 14:45:00,2,2024-03-15T14:45:00,0.34,2024-03-15
2_2024-03-15 15:15:00,2,2024-03-15T15:15:00,0.34,2024-03-15
2_2024-03-15 15:00:00,2,2024-03-15T15:00:00,0.34,2024-03-15
2_2024-03-15 16:00:00,2,2024-03-15T16:00:00,0.34,2024-03-15
2_2024-03-15 14:15:00,2,2024-03-15T14:15:00,0.34,2024-03-15
2_2024-03-15 18:30:00,2,2024-03-15T18:30:00,0.34,2024-03-15
2_2024-03-15 18:45:00,2,2024-03-15T18:45:00,0.34,2024-03-15
2_2024-03-15 18:15:00,2,2024-03-15T18:15:00,0.34,2024-03-15
2_2024-03-15 19:00:00,2,2024-03-15T19:00:00,0.34,2024-03-15
2_2024-03-18 18:15:00,2,2024-03-18T18:15:00,,2024-03-18
2_2024-03-18 01:00:00,2,2024-03-18T01:00:00,,2024-03-18
2_2024-03-18 04:00:00,2,2024-03-18T04:00:00,,2024-03-18
2_2024-03-18 06:45:00,2,2024-03-18T06:45:00,,2024-03-18
2_2024-03-18 07:45:00,2,2024-03-18T07:45:00,,2024-03-18
2_2024-03-18 10:00:00,2,2024-03-18T10:00:00,,2024-03-18
2_2024-03-18 08:15:00,2,2024-03-18T08:15:00,,2024-03-18
2_2024-03-18 06:00:00,2,2024-03-18T06:00:00,,2024-03-18
2_2024-03-18 09:30:00,2,2024-03-18T09:30:00,,2024-03-18
2_2024-03-18 01:45:00,2,2024-03-18T01:45:00,,2024-03-18
2_2024-03-18 07:15:00,2,2024-03-18T07:15:00,,2024-03-18
2_2024-03-18 00:00:00,2,2024-03-18T00:00:00,,2024-03-18
2_2024-03-18 04:30:00,2,2024-03-18T04:30:00,,2024-03-18
2_2024-03-18 02:15:00,2,2024-03-18T02:15:00,,2024-03-18
2_2024-03-18 02:45:00,2,2024-03-18T02:45:00,,2024-03-18
2_2024-03-18 02:30:00,2,2024-03-18T02:30:00,,2024-03-18
2_2024-03-18 07:00:00,2,2024-03-18T07:00:00,,2024-03-18
2_2024-03-18 03:00:00,2,2024-03-18T03:00:00,,2024-03-18
2_2024-03-18 09:45:00,2,2024-03-18T09:45:00,,2024-03-18
2_2024-03-18 03:15:00,2,2024-03-18T03:15:00,,2024-03-18
2_2024-03-18 05:00:00,2,2024-03-18T05:00:00,,2024-03-18
2_2024-03-18 04:45:00,2,2024-03-18T04:45:00,,2024-03-18
2_2024-03-18 01:15:00,2,2024-03-18T01:15:00,,2024-03-18
2_2024-03-18 05:45:00,2,2024-03-18T05:45:00,,2024-03-18
2_2024-03-18 08:45:00,2,2024-03-18T08:45:00,,2024-03-18
2_2024-03-18 00:30:00,2,2024-03-18T00:30:00,,2024-03-18
2_2024-03-18 00:45:00,2,2024-03-18T00:45:00,,2024-03-18
2_2024-03-18 05:15:00,2,2024-03-18T05:15:00,,2024-03-18
2_2024-03-18 04:15:00,2,2024-03-18T04:15:00,,2024-03-18
2_2024-03-18 02:00:00,2,2024-03-18T02:00:00,,2024-03-18
2_2024-03-18 07:30:00,2,2024-03-18T07:30:00,,2024-03-18
2_2024-03-18 08:30:00,2,2024-03-18T08:30:00,,2024-03-18
2_2024-03-18 03:30:00,2,2024-03-18T03:30:00,,2024-03-18
2_2024-03-18 09:00:00,2,2024-03-18T09:00:00,,2024-03-18
2_2024-03-18 01:30:00,2,2024-03-18T01:30:00,,2024-03-18
2_2024-03-18 09:15:00,2,2024-03-18T09:15:00,,2024-03-18
2_2024-03-18 05:30:00,2,2024-03-18T05:30:00,,2024-03-18
2_2024-03-18 06:15:00,2,2024-03-18T06:15:00,,2024-03-18
2_2024-03-18 08:00:00,2,2024-03-18T08:00:00,,2024-03-18
2_2024-03-18 06:30:00,2,2024-03-18T06:30:00,,2024-03-18
2_2024-03-18 00:15:00,2,2024-03-18T00:15:00,,2024-03-18
2_2024-03-18 03:45:00,2,2024-03-18T03:45:00,,2024-03-18
2_2024-03-18 21:45:00,2,2024-03-18T21:45:00,0.33,2024-03-18
2_2024-03-18 20:30:00,2,2024-03-18T20:30:00,0.33,2024-03-18
2_2024-03-18 20:45:00,2,2024-03-18T20:45:00,0.33,2024-03-18
2_2024-03-18 21:00:00,2,2024-03-18T21:00:00,0.33,2024-03-18
2_2024-03-18 20:15:00,2,2024-03-18T20:15:00,0.33,2024-03-18
2_2024-03-18 19:45:00,2,2024-03-18T19:45:00,0.33,2024-03-18
2_2024-03-18 20:00:00,2,2024-03-18T20:00:00,0.33,2024-03-18
2_2024-03-18 19:30:00,2,2024-03-18T19:30:00,0.33,2024-03-18
2_2024-03-18 19:15:00,2,2024-03-18T19:15:00,0.33,2024-03-18
2_2024-03-18 18:30:00,2,2024-03-18T18:30:00,0.33,2024-03-18
2_2024-03-18 19:00:00,2,2024-03-18T19:00:00,0.33,2024-03-18
2_2024-03-18 18:45:00,2,2024-03-18T18:45:00,0.33,2024-03-18
2_2024-03-18 17:30:00,2,2024-03-18T17:30:00,0.33,2024-03-18
2_2024-03-18 18:00:00,2,2024-03-18T18:00:00,0.33,2024-03-18
2_2024-03-18 17:45:00,2,2024-03-18T17:45:00,0.33,2024-03-18
2_2024-03-18 17:15:00,2,2024-03-18T17:15:00,0.33,2024-03-18
2_2024-03-18 16:15:00,2,2024-03-18T16:15:00,0.33,2024-03-18
2_2024-03-18 17:00:00,2,2024-03-18T17:00:00,0.33,2024-03-18
2_2024-03-18 16:30:00,2,2024-03-18T16:30:00,0.33,2024-03-18
2_2024-03-18 16:45:00,2,2024-03-18T16:45:00,0.33,2024-03-18
2_2024-03-18 15:30:00,2,2024-03-18T15:30:00,0.33,2024-03-18
2_2024-03-18 15:15:00,2,2024-03-18T15:15:00,0.33,2024-03-18
2_2024-03-18 14:45:00,2,2024-03-18T14:45:00,0.33,2024-03-18
2_2024-03-18 14:30:00,2,2024-03-18T14:30:00,0.33,2024-03-18
2_2024-03-18 15:45:00,2,2024-03-18T15:45:00,0.33,2024-03-18
2_2024-03-18 14:15:00,2,2024-03-18T14:15:00,0.33,2024-03-18
2_2024-03-18 15:00:00,2,2024-03-18T15:00:00,0.33,2024-03-18
2_2024-03-18 16:00:00,2,2024-03-18T16:00:00,0.33,2024-03-18
2_2024-03-18 13:30:00,2,2024-03-18T13:30:00,0.33,2024-03-18
2_2024-03-18 13:45:00,2,2024-03-18T13:45:00,0.33,2024-03-18
2_2024-03-18 14:00:00,2,2024-03-18T14:00:00,0.33,2024-03-18
2_2024-03-18 21:15:00,2,2024-03-18T21:15:00,0.34,2024-03-18
2_2024-03-18 13:15:00,2,2024-03-18T13:15:00,0.34,2024-03-18
2_2024-03-18 12:15:00,2,2024-03-18T12:15:00,0.34,2024-03-18
2_2024-03-18 12:30:00,2,2024-03-18T12:30:00,0.34,2024-03-18
2_2024-03-18 12:45:00,2,2024-03-18T12:45:00,0.34,2024-03-18
2_2024-03-18 13:00:00,2,2024-03-18T13:00:00,0.34,2024-03-18
2_2024-03-18 11:45:00,2,2024-03-18T11:45:00,0.34,2024-03-18
2_2024-03-18 11:00:00,2,2024-03-18T11:00:00,0.34,2024-03-18
2_2024-03-18 11:30:00,2,2024-03-18T11:30:00,0.34,2024-03-18
2_2024-03-18 10:30:00,2,2024-03-18T10:30:00,0.34,2024-03-18
2_2024-03-18 11:15:00,2,2024-03-18T11:15:00,0.34,2024-03-18
2_2024-03-18 12:00:00,2,2024-03-18T12:00:00,0.34,2024-03-18
2_2024-03-18 10:45:00,2,2024-03-18T10:45:00,0.34,2024-03-18
2_2024-03-18 10:15:00,2,2024-03-18T10:15:00,0.34,2024-03-18
2_2024-03-18 21:30:00,2,2024-03-18T21:30:00,0.34,2024-03-18
2_2024-03-18 22:00:00,2,2024-03-18T22:00:00,0.34,2024-03-18
2_2024-03-19 02:30:00,2,2024-03-19T02:30:00,,2024-03-19
2_2024-03-19 05:00:00,2,2024-03-19T05:00:00,,2024-03-19
2_2024-03-19 06:00:00,2,2024-03-19T06:00:00,,2024-03-19
2_2024-03-19 06:45:00,2,2024-03-19T06:45:00,,2024-03-19
2_2024-03-19 05:45:00,2,2024-03-19T05:45:00,,2024-03-19
2_2024-03-19 03:45:00,2,2024-03-19T03:45:00,,2024-03-19
2_2024-03-19 00:00:00,2,2024-03-19T00:00:00,,2024-03-19
2_2024-03-19 07:00:00,2,2024-03-19T07:00:00,,2024-03-19
2_2024-03-19 04:00:00,2,2024-03-19T04:00:00,,2024-03-19
2_2024-03-19 01:00:00,2,2024-03-19T01:00:00,,2024-03-19
2_2024-03-19 02:00:00,2,2024-03-19T02:00:00,,2024-03-19
2_2024-03-19 06:30:00,2,2024-03-19T06:30:00,,2024-03-19
2_2024-03-19 00:15:00,2,2024-03-19T00:15:00,,2024-03-19
2_2024-03-19 03:30:00,2,2024-03-19T03:30:00,,2024-03-19
2_2024-03-19 04:45:00,2,2024-03-19T04:45:00,,2024-03-19
2_2024-03-19 00:30:00,2,2024-03-19T00:30:00,,2024-03-19
2_2024-03-19 00:45:00,2,2024-03-19T00:45:00,,2024-03-19
2_2024-03-19 01:15:00,2,2024-03-19T01:15:00,,2024-03-19
2_2024-03-19 03:00:00,2,2024-03-19T03:00:00,,2024-03-19
2_2024-03-19 05:30:00,2,2024-03-19T05:30:00,,2024-03-19
2_2024-03-19 02:15:00,2,2024-03-19T02:15:00,,2024-03-19
2_2024-03-19 01:30:00,2,2024-03-19T01:30:00,,2024-03-19
2_2024-03-19 06:15:00,2,2024-03-19T06:15:00,,2024-03-19
2_2024-03-19 04:15:00,2,2024-03-19T04:15:00,,2024-03-19
2_2024-03-19 03:15:00,2,2024-03-19T03:15:00,,2024-03-19
2_2024-03-19 02:45:00,2,2024-03-19T02:45:00,,2024-03-19
2_2024-03-19 04:30:00,2,2024-03-19T04:30:00,,2024-03-19
2_2024-03-19 01:45:00,2,2024-03-19T01:45:00,,2024-03-19
2_2024-03-19 05:15:00,2,2024-03-19T05:15:00,,2024-03-19
2_2024-03-19 16:30:00,2,2024-03-19T16:30:00,0.33,2024-03-19
2_2024-03-19 16:15:00,2,2024-03-19T16:15:00,0.33,2024-03-19
2_2024-03-19 15:45:00,2,2024-03-19T15:45:00,0.33,2024-03-19
2_2024-03-19 16:00:00,2,2024-03-19T16:00:00,0.33,2024-03-19
2_2024-03-19 14:15:00,2,2024-03-19T14:15:00,0.33,2024-03-19
2_2024-03-19 14:30:00,2,2024-03-19T14:30:00,0.33,2024-03-19
2_2024-03-19 15:00:00,2,2024-03-19T15:00:00,0.33,2024-03-19
2_2024-03-19 14:45:00,2,2024-03-19T14:45:00,0.33,2024-03-19
2_2024-03-19 21:15:00,2,2024-03-19T21:15:00,0.34,2024-03-19
2_2024-03-19 22:00:00,2,2024-03-19T22:00:00,0.34,2024-03-19
2_2024-03-19 21:30:00,2,2024-03-19T21:30:00,0.34,2024-03-19
2_2024-03-19 21:45:00,2,2024-03-19T21:45:00,0.34,2024-03-19
2_2024-03-19 21:00:00,2,2024-03-19T21:00:00,0.34,2024-03-19
2_2024-03-19 20:45:00,2,2024-03-19T20:45:00,0.34,2024-03-19
2_2024-03-19 19:45:00,2,2024-03-19T19:45:00,0.34,2024-03-19
2_2024-03-19 20:00:00,2,2024-03-19T20:00:00,0.34,2024-03-19
2_2024-03-19 19:15:00,2,2024-03-19T19:15:00,0.34,2024-03-19
2_2024-03-19 18:30:00,2,2024-03-19T18:30:00,0.34,2024-03-19
2_2024-03-19 19:00:00,2,2024-03-19T19:00:00,0.34,2024-03-19
2_2024-03-19 18:15:00,2,2024-03-19T18:15:00,0.34,2024-03-19
2_2024-03-19 18:45:00,2,2024-03-19T18:45:00,0.34,2024-03-19
2_2024-03-19 17:45:00,2,2024-03-19T17:45:00,0.34,2024-03-19
2_2024-03-19 18:00:00,2,2024-03-19T18:00:00,0.34,2024-03-19
2_2024-03-19 17:15:00,2,2024-03-19T17:15:00,0.34,2024-03-19
2_2024-03-19 17:30:00,2,2024-03-19T17:30:00,0.34,2024-03-19
2_2024-03-19 16:45:00,2,2024-03-19T16:45:00,0.34,2024-03-19
2_2024-03-19 17:00:00,2,2024-03-19T17:00:00,0.34,2024-03-19
2_2024-03-19 15:30:00,2,2024-03-19T15:30:00,0.34,2024-03-19
2_2024-03-19 15:15:00,2,2024-03-19T15:15:00,0.34,2024-03-19
2_2024-03-19 13:30:00,2,2024-03-19T13:30:00,0.34,2024-03-19
2_2024-03-19 13:45:00,2,2024-03-19T13:45:00,0.34,2024-03-19
2_2024-03-19 13:15:00,2,2024-03-19T13:15:00,0.34,2024-03-19
2_2024-03-19 14:00:00,2,2024-03-19T14:00:00,0.34,2024-03-19
2_2024-03-19 11:45:00,2,2024-03-19T11:45:00,0.34,2024-03-19
2_2024-03-19 11:30:00,2,2024-03-19T11:30:00,0.34,2024-03-19
2_2024-03-19 11:15:00,2,2024-03-19T11:15:00,0.34,2024-03-19
2_2024-03-19 11:00:00,2,2024-03-19T11:00:00,0.34,2024-03-19
2_2024-03-19 10:15:00,2,2024-03-19T10:15:00,0.34,2024-03-19
2_2024-03-19 10:45:00,2,2024-03-19T10:45:00,0.34,2024-03-19
2_2024-03-19 10:30:00,2,2024-03-19T10:30:00,0.34,2024-03-19
2_2024-03-19 08:15:00,2,2024-03-19T08:15:00,0.34,2024-03-19
2_2024-03-19 07:15:00,2,2024-03-19T07:15:00,0.34,2024-03-19
2_2024-03-19 09:45:00,2,2024-03-19T09:45:00,0.34,2024-03-19
2_2024-03-19 07:45:00,2,2024-03-19T07:45:00,0.34,2024-03-19
2_2024-03-19 07:30:00,2,2024-03-19T07:30:00,0.34,2024-03-19
2_2024-03-19 08:45:00,2,2024-03-19T08:45:00,0.34,2024-03-19
2_2024-03-19 08:00:00,2,2024-03-19T08:00:00,0.34,2024-03-19
2_2024-03-19 09:15:00,2,2024-03-19T09:15:00,0.34,2024-03-19
2_2024-03-19 09:30:00,2,2024-03-19T09:30:00,0.34,2024-03-19
2_2024-03-19 09:00:00,2,2024-03-19T09:00:00,0.34,2024-03-19
2_2024-03-19 08:30:00,2,2024-03-19T08:30:00,0.34,2024-03-19
2_2024-03-19 10:00:00,2,2024-03-19T10:00:00,0.34,2024-03-19
2_2024-03-19 12:00:00,2,2024-03-19T12:00:00,0.34,2024-03-19
2_2024-03-19 12:45:00,2,2024-03-19T12:45:00,0.34,2024-03-19
2_2024-03-19 12:30:00,2,2024-03-19T12:30:00,0.34,2024-03-19
2_2024-03-19 12:15:00,2,2024-03-19T12:15:00,0.34,2024-03-19
2_2024-03-19 13:00:00,2,2024-03-19T13:00:00,0.34,2024-03-19
2_2024-03-19 19:30:00,2,2024-03-19T19:30:00,0.34,2024-03-19
2_2024-03-19 20:30:00,2,2024-03-19T20:30:00,0.34,2024-03-19
2_2024-03-19 20:15:00,2,2024-03-19T20:15:00,0.34,2024-03-19
2_2024-03-20 22:00:00,2,2024-03-20T22:00:00,0.33,2024-03-20
2_2024-03-20 21:45:00,2,2024-03-20T21:45:00,0.33,2024-03-20
2_2024-03-20 21:15:00,2,2024-03-20T21:15:00,0.33,2024-03-20
2_2024-03-20 21:30:00,2,2024-03-20T21:30:00,0.33,2024-03-20
2_2024-03-20 20:45:00,2,2024-03-20T20:45:00,0.33,2024-03-20
2_2024-03-20 20:30:00,2,2024-03-20T20:30:00,0.33,2024-03-20
2_2024-03-20 21:00:00,2,2024-03-20T21:00:00,0.33,2024-03-20
2_2024-03-20 20:15:00,2,2024-03-20T20:15:00,0.33,2024-03-20
2_2024-03-20 19:30:00,2,2024-03-20T19:30:00,0.33,2024-03-20
2_2024-03-20 20:00:00,2,2024-03-20T20:00:00,0.33,2024-03-20
2_2024-03-20 19:15:00,2,2024-03-20T19:15:00,0.33,2024-03-20
2_2024-03-20 19:45:00,2,2024-03-20T19:45:00,0.33,2024-03-20
2_2024-03-20 18:45:00,2,2024-03-20T18:45:00,0.33,2024-03-20
2_2024-03-20 18:30:00,2,2024-03-20T18:30:00,0.33,2024-03-20
2_2024-03-20 18:15:00,2,2024-03-20T18:15:00,0.33,2024-03-20
2_2024-03-20 19:00:00,2,2024-03-20T19:00:00,0.33,2024-03-20
2_2024-03-20 17:30:00,2,2024-03-20T17:30:00,0.33,2024-03-20
2_2024-03-20 18:00:00,2,2024-03-20T18:00:00,0.33,2024-03-20
2_2024-03-20 17:15:00,2,2024-03-20T17:15:00,0.33,2024-03-20
2_2024-03-20 17:45:00,2,2024-03-20T17:45:00,0.33,2024-03-20
2_2024-03-20 16:30:00,2,2024-03-20T16:30:00,0.33,2024-03-20
2_2024-03-20 17:00:00,2,2024-03-20T17:00:00,0.33,2024-03-20
2_2024-03-20 16:15:00,2,2024-03-20T16:15:00,0.33,2024-03-20
2_2024-03-20 16:45:00,2,2024-03-20T16:45:00,0.33,2024-03-20
2_2024-03-20 15:30:00,2,2024-03-20T15:30:00,0.33,2024-03-20
2_2024-03-20 15:15:00,2,2024-03-20T15:15:00,0.33,2024-03-20
2_2024-03-20 16:00:00,2,2024-03-20T16:00:00,0.33,2024-03-20
2_2024-03-20 14:45:00,2,2024-03-20T14:45:00,0.33,2024-03-20
2_2024-03-20 14:30:00,2,2024-03-20T14:30:00,0.33,2024-03-20
2_2024-03-20 15:00:00,2,2024-03-20T15:00:00,0.33,2024-03-20
2_2024-03-20 14:15:00,2,2024-03-20T14:15:00,0.33,2024-03-20
2_2024-03-20 13:45:00,2,2024-03-20T13:45:00,0.33,2024-03-20
2_2024-03-20 14:00:00,2,2024-03-20T14:00:00,0.33,2024-03-20
2_2024-03-20 13:15:00,2,2024-03-20T13:15:00,0.33,2024-03-20
2_2024-03-20 13:30:00,2,2024-03-20T13:30:00,0.33,2024-03-20
2_2024-03-20 12:30:00,2,2024-03-20T12:30:00,0.33,2024-03-20
2_2024-03-20 12:45:00,2,2024-03-20T12:45:00,0.33,2024-03-20
2_2024-03-20 12:15:00,2,2024-03-20T12:15:00,0.33,2024-03-20
2_2024-03-20 13:00:00,2,2024-03-20T13:00:00,0.33,2024-03-20
2_2024-03-20 12:00:00,2,2024-03-20T12:00:00,0.33,2024-03-20
2_2024-03-20 15:45:00,2,2024-03-20T15:45:00,0.33,2024-03-20
2_2024-03-20 11:45:00,2,2024-03-20T11:45:00,0.34,2024-03-20
2_2024-03-20 11:30:00,2,2024-03-20T11:30:00,0.34,2024-03-20
2_2024-03-20 11:15:00,2,2024-03-20T11:15:00,0.34,2024-03-20
2_2024-03-20 10:45:00,2,2024-03-20T10:45:00,0.34,2024-03-20
2_2024-03-20 10:15:00,2,2024-03-20T10:15:00,0.34,2024-03-20
2_2024-03-20 10:30:00,2,2024-03-20T10:30:00,0.34,2024-03-20
2_2024-03-20 09:45:00,2,2024-03-20T09:45:00,0.34,2024-03-20
2_2024-03-20 10:00:00,2,2024-03-20T10:00:00,0.34,2024-03-20
2_2024-03-20 09:15:00,2,2024-03-20T09:15:00,0.34,2024-03-20
2_2024-03-20 09:30:00,2,2024-03-20T09:30:00,0.34,2024-03-20
2_2024-03-20 08:45:00,2,2024-03-20T08:45:00,0.34,2024-03-20
2_2024-03-20 08:15:00,2,2024-03-20T08:15:00,0.34,2024-03-20
2_2024-03-20 08:30:00,2,2024-03-20T08:30:00,0.34,2024-03-20
2_2024-03-20 09:00:00,2,2024-03-20T09:00:00,0.34,2024-03-20
2_2024-03-20 07:45:00,2,2024-03-20T07:45:00,0.34,2024-03-20
2_2024-03-20 07:15:00,2,2024-03-20T07:15:00,0.34,2024-03-20
2_2024-03-20 08:00:00,2,2024-03-20T08:00:00,0.34,2024-03-20
2_2024-03-20 06:30:00,2,2024-03-20T06:30:00,0.34,2024-03-20
2_2024-03-20 06:15:00,2,2024-03-20T06:15:00,0.34,2024-03-20
2_2024-03-20 06:45:00,2,2024-03-20T06:45:00,0.34,2024-03-20
2_2024-03-20 07:00:00,2,2024-03-20T07:00:00,0.34,2024-03-20
2_2024-03-20 05:45:00,2,2024-03-20T05:45:00,0.34,2024-03-20
2_2024-03-20 05:15:00,2,2024-03-20T05:15:00,0.34,2024-03-20
2_2024-03-20 05:30:00,2,2024-03-20T05:30:00,0.34,2024-03-20
2_2024-03-20 06:00:00,2,2024-03-20T06:00:00,0.34,2024-03-20
2_2024-03-20 04:45:00,2,2024-03-20T04:45:00,0.34,2024-03-20
2_2024-03-20 04:30:00,2,2024-03-20T04:30:00,0.34,2024-03-20
2_2024-03-20 05:00:00,2,2024-03-20T05:00:00,0.34,2024-03-20
2_2024-03-20 04:15:00,2,2024-03-20T04:15:00,0.34,2024-03-20
2_2024-03-20 04:00:00,2,2024-03-20T04:00:00,0.34,2024-03-20
2_2024-03-20 03:30:00,2,2024-03-20T03:30:00,0.34,2024-03-20
2_2024-03-20 03:15:00,2,2024-03-20T03:15:00,0.34,2024-03-20
2_2024-03-20 03:45:00,2,2024-03-20T03:45:00,0.34,2024-03-20
2_2024-03-20 02:45:00,2,2024-03-20T02:45:00,0.34,2024-03-20
2_2024-03-20 03:00:00,2,2024-03-20T03:00:00,0.34,2024-03-20
2_2024-03-20 02:15:00,2,2024-03-20T02:15:00,0.34,2024-03-20
2_2024-03-20 01:15:00,2,2024-03-20T01:15:00,0.34,2024-03-20
2_2024-03-20 00:15:00,2,2024-03-20T00:15:00,0.34,2024-03-20
2_2024-03-20 01:00:00,2,2024-03-20T01:00:00,0.34,2024-03-20
2_2024-03-20 00:30:00,2,2024-03-20T00:30:00,0.34,2024-03-20
2_2024-03-20 00:45:00,2,2024-03-20T00:45:00,0.34,2024-03-20
2_2024-03-20 00:00:00,2,2024-03-20T00:00:00,0.34,2024-03-20
2_2024-03-20 02:00:00,2,2024-03-20T02:00:00,0.34,2024-03-20
2_2024-03-20 01:30:00,2,2024-03-20T01:30:00,0.34,2024-03-20
2_2024-03-20 01:45:00,2,2024-03-20T01:45:00,0.34,2024-03-20
2_2024-03-20 02:30:00,2,2024-03-20T02:30:00,0.34,2024-03-20
2_2024-03-20 07:30:00,2,2024-03-20T07:30:00,0.34,2024-03-20
2_2024-03-20 11:00:00,2,2024-03-20T11:00:00,0.34,2024-03-20
5_2024-03-14 16:30:00,5,2024-03-14T16:30:00,,2024-03-14
5_2024-03-14 17:15:00,5,2024-03-14T17:15:00,,2024-03-14
5_2024-03-14 19:00:00,5,2024-03-14T19:00:00,,2024-03-14
5_2024-03-14 19:30:00,5,2024-03-14T19:30:00,,2024-03-14
5_2024-03-14 20:30:00,5,2024-03-14T20:30:00,,2024-03-14
5_2024-03-14 20:45:00,5,2024-03-14T20:45:00,,2024-03-14
5_2024-03-14 21:00:00,5,2024-03-14T21:00:00,,2024-03-14
5_2024-03-14 21:15:00,5,2024-03-14T21:15:00,,2024-03-14
5_2024-03-14 21:45:00,5,2024-03-14T21:45:00,,2024-03-14
5_2024-03-14 23:15:00,5,2024-03-14T23:15:00,,2024-03-14
5_2024-03-14 18:45:00,5,2024-03-14T18:45:00,0.18,2024-03-14
5_2024-03-14 19:15:00,5,2024-03-14T19:15:00,0.18,2024-03-14
5_2024-03-14 19:45:00,5,2024-03-14T19:45:00,0.18,2024-03-14
5_2024-03-14 20:00:00,5,2024-03-14T20:00:00,0.18,2024-03-14
5_2024-03-14 20:15:00,5,2024-03-14T20:15:00,0.18,2024-03-14
5_2024-03-14 22:15:00,5,2024-03-14T22:15:00,0.18,2024-03-14
5_2024-03-14 22:45:00,5,2024-03-14T22:45:00,0.18,2024-03-14
5_2024-03-14 23:00:00,5,2024-03-14T23:00:00,0.18,2024-03-14
5_2024-03-14 21:30:00,5,2024-03-14T21:30:00,0.19,2024-03-14
5_2024-03-14 22:00:00,5,2024-03-14T22:00:00,0.19,2024-03-14
5_2024-03-14 22:30:00,5,2024-03-14T22:30:00,0.19,2024-03-14
5_2024-03-14 18:00:00,5,2024-03-14T18:00:00,0.16,2024-03-14
5_2024-03-14 16:45:00,5,2024-03-14T16:45:00,0.17,2024-03-14
5_2024-03-14 17:00:00,5,2024-03-14T17:00:00,0.17,2024-03-14
5_2024-03-14 17:30:00,5,2024-03-14T17:30:00,0.17,2024-03-14
5_2024-03-14 17:45:00,5,2024-03-14T17:45:00,0.17,2024-03-14
5_2024-03-14 18:15:00,5,2024-03-14T18:15:00,0.17,2024-03-14
5_2024-03-14 18:30:00,5,2024-03-14T18:30:00,0.17,2024-03-14
5_2024-03-14 23:30:00,5,2024-03-14T23:30:00,0.17,2024-03-14
5_2024-03-14 23:45:00,5,2024-03-14T23:45:00,0.17,2024-03-14
5_2024-03-15 19:00:00,5,2024-03-15T19:00:00,,2024-03-15
5_2024-03-15 18:30:00,5,2024-03-15T18:30:00,,2024-03-15
5_2024-03-15 11:15:00,5,2024-03-15T11:15:00,,2024-03-15
5_2024-03-15 11:45:00,5,2024-03-15T11:45:00,,2024-03-15
5_2024-03-15 12:00:00,5,2024-03-15T12:00:00,,2024-03-15
5_2024-03-15 12:15:00,5,2024-03-15T12:15:00,,2024-03-15
5_2024-03-15 12:45:00,5,2024-03-15T12:45:00,,2024-03-15
5_2024-03-15 00:00:00,5,2024-03-15T00:00:00,,2024-03-15
5_2024-03-15 00:45:00,5,2024-03-15T00:45:00,,2024-03-15
5_2024-03-15 01:15:00,5,2024-03-15T01:15:00,,2024-03-15
5_2024-03-15 01:30:00,5,2024-03-15T01:30:00,,2024-03-15
5_2024-03-15 02:30:00,5,2024-03-15T02:30:00,,2024-03-15
5_2024-03-15 03:15:00,5,2024-03-15T03:15:00,,2024-03-15
5_2024-03-15 03:45:00,5,2024-03-15T03:45:00,,2024-03-15
5_2024-03-15 04:45:00,5,2024-03-15T04:45:00,,2024-03-15
5_2024-03-15 06:30:00,5,2024-03-15T06:30:00,,2024-03-15
5_2024-03-15 07:00:00,5,2024-03-15T07:00:00,,2024-03-15
5_2024-03-15 09:00:00,5,2024-03-15T09:00:00,,2024-03-15
5_2024-03-15 09:30:00,5,2024-03-15T09:30:00,,2024-03-15
5_2024-03-15 10:30:00,5,2024-03-15T10:30:00,,2024-03-15
5_2024-03-15 14:00:00,5,2024-03-15T14:00:00,,2024-03-15
5_2024-03-15 16:30:00,5,2024-03-15T16:30:00,,2024-03-15
5_2024-03-15 15:30:00,5,2024-03-15T15:30:00,,2024-03-15
5_2024-03-15 17:45:00,5,2024-03-15T17:45:00,,2024-03-15
5_2024-03-15 14:45:00,5,2024-03-15T14:45:00,,2024-03-15
5_2024-03-15 15:15:00,5,2024-03-15T15:15:00,,2024-03-15
5_2024-03-15 16:15:00,5,2024-03-15T16:15:00,,2024-03-15
5_2024-03-15 20:00:00,5,2024-03-15T20:00:00,,2024-03-15
5_2024-03-15 19:45:00,5,2024-03-15T19:45:00,,2024-03-15
5_2024-03-15 21:00:00,5,2024-03-15T21:00:00,,2024-03-15
5_2024-03-15 20:45:00,5,2024-03-15T20:45:00,,2024-03-15
5_2024-03-15 21:45:00,5,2024-03-15T21:45:00,,2024-03-15
5_2024-03-15 22:15:00,5,2024-03-15T22:15:00,,2024-03-15
5_2024-03-15 23:15:00,5,2024-03-15T23:15:00,,2024-03-15
5_2024-03-15 23:45:00,5,2024-03-15T23:45:00,,2024-03-15
5_2024-03-15 09:15:00,5,2024-03-15T09:15:00,0.18,2024-03-15
5_2024-03-15 09:45:00,5,2024-03-15T09:45:00,0.18,2024-03-15
5_2024-03-15 16:00:00,5,2024-03-15T16:00:00,0.18,2024-03-15
5_2024-03-15 16:45:00,5,2024-03-15T16:45:00,0.18,2024-03-15
5_2024-03-15 04:00:00,5,2024-03-15T04:00:00,0.11,2024-03-15
5_2024-03-15 04:15:00,5,2024-03-15T04:15:00,0.11,2024-03-15
5_2024-03-15 04:30:00,5,2024-03-15T04:30:00,0.11,2024-03-15
5_2024-03-15 05:45:00,5,2024-03-15T05:45:00,0.11,2024-03-15
5_2024-03-15 06:00:00,5,2024-03-15T06:00:00,0.11,2024-03-15
5_2024-03-15 06:15:00,5,2024-03-15T06:15:00,0.11,2024-03-15
5_2024-03-15 00:30:00,5,2024-03-15T00:30:00,0.15,2024-03-15
5_2024-03-15 07:30:00,5,2024-03-15T07:30:00,0.15,2024-03-15
5_2024-03-15 07:45:00,5,2024-03-15T07:45:00,0.15,2024-03-15
5_2024-03-15 23:30:00,5,2024-03-15T23:30:00,0.15,2024-03-15
5_2024-03-15 10:00:00,5,2024-03-15T10:00:00,0.19,2024-03-15
5_2024-03-15 10:15:00,5,2024-03-15T10:15:00,0.19,2024-03-15
5_2024-03-15 14:15:00,5,2024-03-15T14:15:00,0.19,2024-03-15
5_2024-03-15 15:45:00,5,2024-03-15T15:45:00,0.19,2024-03-15
5_2024-03-15 15:00:00,5,2024-03-15T15:00:00,0.19,2024-03-15
5_2024-03-15 23:00:00,5,2024-03-15T23:00:00,0.16,2024-03-15
5_2024-03-15 00:15:00,5,2024-03-15T00:15:00,0.16,2024-03-15
5_2024-03-15 08:00:00,5,2024-03-15T08:00:00,0.16,2024-03-15
5_2024-03-15 18:15:00,5,2024-03-15T18:15:00,0.16,2024-03-15
5_2024-03-15 22:45:00,5,2024-03-15T22:45:00,0.16,2024-03-15
5_2024-03-15 22:30:00,5,2024-03-15T22:30:00,0.16,2024-03-15
5_2024-03-15 03:30:00,5,2024-03-15T03:30:00,0.1,2024-03-15
5_2024-03-15 05:00:00,5,2024-03-15T05:00:00,0.1,2024-03-15
5_2024-03-15 05:15:00,5,2024-03-15T05:15:00,0.1,2024-03-15
5_2024-03-15 05:30:00,5,2024-03-15T05:30:00,0.1,2024-03-15
5_2024-03-15 11:00:00,5,2024-03-15T11:00:00,0.2,2024-03-15
5_2024-03-15 11:30:00,5,2024-03-15T11:30:00,0.2,2024-03-15
5_2024-03-15 12:30:00,5,2024-03-15T12:30:00,0.2,2024-03-15
5_2024-03-15 13:00:00,5,2024-03-15T13:00:00,0.2,2024-03-15
5_2024-03-15 10:45:00,5,2024-03-15T10:45:00,0.2,2024-03-15
5_2024-03-15 13:15:00,5,2024-03-15T13:15:00,0.2,2024-03-15
5_2024-03-15 13:30:00,5,2024-03-15T13:30:00,0.2,2024-03-15
5_2024-03-15 13:45:00,5,2024-03-15T13:45:00,0.2,2024-03-15
5_2024-03-15 14:30:00,5,2024-03-15T14:30:00,0.2,2024-03-15
5_2024-03-15 01:45:00,5,2024-03-15T01:45:00,0.13,2024-03-15
5_2024-03-15 02:00:00,5,2024-03-15T02:00:00,0.13,2024-03-15
5_2024-03-15 06:45:00,5,2024-03-15T06:45:00,0.13,2024-03-15
5_2024-03-15 02:15:00,5,2024-03-15T02:15:00,0.12,2024-03-15
5_2024-03-15 02:45:00,5,2024-03-15T02:45:00,0.12,2024-03-15
5_2024-03-15 03:00:00,5,2024-03-15T03:00:00,0.12,2024-03-15
5_2024-03-15 18:45:00,5,2024-03-15T18:45:00,0.17,2024-03-15
5_2024-03-15 19:15:00,5,2024-03-15T19:15:00,0.17,2024-03-15
5_2024-03-15 08:15:00,5,2024-03-15T08:15:00,0.17,2024-03-15
5_2024-03-15 08:30:00,5,2024-03-15T08:30:00,0.17,2024-03-15
5_2024-03-15 08:45:00,5,2024-03-15T08:45:00,0.17,2024-03-15
5_2024-03-15 18:00:00,5,2024-03-15T18:00:00,0.17,2024-03-15
5_2024-03-15 17:30:00,5,2024-03-15T17:30:00,0.17,2024-03-15
5_2024-03-15 17:00:00,5,2024-03-15T17:00:00,0.17,2024-03-15
5_2024-03-15 17:15:00,5,2024-03-15T17:15:00,0.17,2024-03-15
5_2024-03-15 19:30:00,5,2024-03-15T19:30:00,0.17,2024-03-15
5_2024-03-15 20:30:00,5,2024-03-15T20:30:00,0.17,2024-03-15
5_2024-03-15 20:15:00,5,2024-03-15T20:15:00,0.17,2024-03-15
5_2024-03-15 21:15:00,5,2024-03-15T21:15:00,0.17,2024-03-15
5_2024-03-15 21:30:00,5,2024-03-15T21:30:00,0.17,2024-03-15
5_2024-03-15 22:00:00,5,2024-03-15T22:00:00,0.17,2024-03-15
5_2024-03-15 01:00:00,5,2024-03-15T01:00:00,0.14,2024-03-15
5_2024-03-15 07:15:00,5,2024-03-15T07:15:00,0.14,2024-03-15
5_2024-03-16 13:45:00,5,2024-03-16T13:45:00,0.23,2024-03-16
5_2024-03-16 11:15:00,5,2024-03-16T11:15:00,0.23,2024-03-16
5_2024-03-16 09:45:00,5,2024-03-16T09:45:00,0.21,2024-03-16
5_2024-03-16 14:00:00,5,2024-03-16T14:00:00,0.25,2024-03-16
5_2024-03-16 14:45:00,5,2024-03-16T14:45:00,0.21,2024-03-16
5_2024-03-16 21:15:00,5,2024-03-16T21:15:00,,2024-03-16
5_2024-03-16 20:30:00,5,2024-03-16T20:30:00,,2024-03-16
5_2024-03-16 19:45:00,5,2024-03-16T19:45:00,,2024-03-16
5_2024-03-16 19:00:00,5,2024-03-16T19:00:00,,2024-03-16
5_2024-03-16 18:15:00,5,2024-03-16T18:15:00,,2024-03-16
5_2024-03-16 11:00:00,5,2024-03-16T11:00:00,,2024-03-16
5_2024-03-16 00:30:00,5,2024-03-16T00:30:00,,2024-03-16
5_2024-03-16 02:00:00,5,2024-03-16T02:00:00,,2024-03-16
5_2024-03-16 03:30:00,5,2024-03-16T03:30:00,,2024-03-16
5_2024-03-16 03:15:00,5,2024-03-16T03:15:00,,2024-03-16
5_2024-03-16 06:00:00,5,2024-03-16T06:00:00,,2024-03-16
5_2024-03-16 06:45:00,5,2024-03-16T06:45:00,,2024-03-16
5_2024-03-16 07:30:00,5,2024-03-16T07:30:00,,2024-03-16
5_2024-03-16 08:00:00,5,2024-03-16T08:00:00,,2024-03-16
5_2024-03-16 08:30:00,5,2024-03-16T08:30:00,,2024-03-16
5_2024-03-16 09:30:00,5,2024-03-16T09:30:00,,2024-03-16
5_2024-03-16 11:30:00,5,2024-03-16T11:30:00,,2024-03-16
5_2024-03-16 12:15:00,5,2024-03-16T12:15:00,,2024-03-16
5_2024-03-16 12:30:00,5,2024-03-16T12:30:00,,2024-03-16
5_2024-03-16 14:15:00,5,2024-03-16T14:15:00,,2024-03-16
5_2024-03-16 15:30:00,5,2024-03-16T15:30:00,,2024-03-16
5_2024-03-16 15:45:00,5,2024-03-16T15:45:00,,2024-03-16
5_2024-03-16 15:00:00,5,2024-03-16T15:00:00,,2024-03-16
5_2024-03-16 16:15:00,5,2024-03-16T16:15:00,,2024-03-16
5_2024-03-16 17:30:00,5,2024-03-16T17:30:00,,2024-03-16
5_2024-03-16 17:15:00,5,2024-03-16T17:15:00,,2024-03-16
5_2024-03-16 22:15:00,5,2024-03-16T22:15:00,,2024-03-16
5_2024-03-16 22:30:00,5,2024-03-16T22:30:00,,2024-03-16
5_2024-03-16 23:00:00,5,2024-03-16T23:00:00,,2024-03-16
5_2024-03-16 16:00:00,5,2024-03-16T16:00:00,0.18,2024-03-16
5_2024-03-16 16:30:00,5,2024-03-16T16:30:00,0.18,2024-03-16
5_2024-03-16 03:00:00,5,2024-03-16T03:00:00,0.11,2024-03-16
5_2024-03-16 03:45:00,5,2024-03-16T03:45:00,0.11,2024-03-16
5_2024-03-16 04:15:00,5,2024-03-16T04:15:00,0.11,2024-03-16
5_2024-03-16 04:30:00,5,2024-03-16T04:30:00,0.11,2024-03-16
5_2024-03-16 05:45:00,5,2024-03-16T05:45:00,0.11,2024-03-16
5_2024-03-16 06:30:00,5,2024-03-16T06:30:00,0.11,2024-03-16
5_2024-03-16 06:15:00,5,2024-03-16T06:15:00,0.11,2024-03-16
5_2024-03-16 07:00:00,5,2024-03-16T07:00:00,0.11,2024-03-16
5_2024-03-16 13:30:00,5,2024-03-16T13:30:00,0.22,2024-03-16
5_2024-03-16 13:15:00,5,2024-03-16T13:15:00,0.22,2024-03-16
5_2024-03-16 13:00:00,5,2024-03-16T13:00:00,0.22,2024-03-16
5_2024-03-16 10:15:00,5,2024-03-16T10:15:00,0.22,2024-03-16
5_2024-03-16 10:30:00,5,2024-03-16T10:30:00,0.22,2024-03-16
5_2024-03-16 10:00:00,5,2024-03-16T10:00:00,0.22,2024-03-16
5_2024-03-16 10:45:00,5,2024-03-16T10:45:00,0.22,2024-03-16
5_2024-03-16 12:00:00,5,2024-03-16T12:00:00,0.22,2024-03-16
5_2024-03-16 11:45:00,5,2024-03-16T11:45:00,0.22,2024-03-16
5_2024-03-16 12:45:00,5,2024-03-16T12:45:00,0.22,2024-03-16
5_2024-03-16 14:30:00,5,2024-03-16T14:30:00,0.22,2024-03-16
5_2024-03-16 00:00:00,5,2024-03-16T00:00:00,0.15,2024-03-16
5_2024-03-16 00:45:00,5,2024-03-16T00:45:00,0.15,2024-03-16
5_2024-03-16 08:45:00,5,2024-03-16T08:45:00,0.15,2024-03-16
5_2024-03-16 09:00:00,5,2024-03-16T09:00:00,0.15,2024-03-16
5_2024-03-16 22:45:00,5,2024-03-16T22:45:00,0.15,2024-03-16
5_2024-03-16 23:15:00,5,2024-03-16T23:15:00,0.15,2024-03-16
5_2024-03-16 23:45:00,5,2024-03-16T23:45:00,0.15,2024-03-16
5_2024-03-16 15:15:00,5,2024-03-16T15:15:00,0.19,2024-03-16
5_2024-03-16 21:45:00,5,2024-03-16T21:45:00,0.16,2024-03-16
5_2024-03-16 22:00:00,5,2024-03-16T22:00:00,0.16,2024-03-16
5_2024-03-16 21:30:00,5,2024-03-16T21:30:00,0.16,2024-03-16
5_2024-03-16 21:00:00,5,2024-03-16T21:00:00,0.16,2024-03-16
5_2024-03-16 20:45:00,5,2024-03-16T20:45:00,0.16,2024-03-16
5_2024-03-16 20:15:00,5,2024-03-16T20:15:00,0.16,2024-03-16
5_2024-03-16 09:15:00,5,2024-03-16T09:15:00,0.16,2024-03-16
5_2024-03-16 04:00:00,5,2024-03-16T04:00:00,0.1,2024-03-16
5_2024-03-16 04:45:00,5,2024-03-16T04:45:00,0.1,2024-03-16
5_2024-03-16 05:00:00,5,2024-03-16T05:00:00,0.1,2024-03-16
5_2024-03-16 05:15:00,5,2024-03-16T05:15:00,0.1,2024-03-16
5_2024-03-16 05:30:00,5,2024-03-16T05:30:00,0.1,2024-03-16
5_2024-03-16 01:30:00,5,2024-03-16T01:30:00,0.13,2024-03-16
5_2024-03-16 01:45:00,5,2024-03-16T01:45:00,0.13,2024-03-16
5_2024-03-16 02:15:00,5,2024-03-16T02:15:00,0.13,2024-03-16
5_2024-03-16 07:45:00,5,2024-03-16T07:45:00,0.13,2024-03-16
5_2024-03-16 02:30:00,5,2024-03-16T02:30:00,0.12,2024-03-16
5_2024-03-16 02:45:00,5,2024-03-16T02:45:00,0.12,2024-03-16
5_2024-03-16 07:15:00,5,2024-03-16T07:15:00,0.12,2024-03-16
5_2024-03-16 20:00:00,5,2024-03-16T20:00:00,0.17,2024-03-16
5_2024-03-16 19:30:00,5,2024-03-16T19:30:00,0.17,2024-03-16
5_2024-03-16 19:15:00,5,2024-03-16T19:15:00,0.17,2024-03-16
5_2024-03-16 18:45:00,5,2024-03-16T18:45:00,0.17,2024-03-16
5_2024-03-16 18:30:00,5,2024-03-16T18:30:00,0.17,2024-03-16
5_2024-03-16 18:00:00,5,2024-03-16T18:00:00,0.17,2024-03-16
5_2024-03-16 16:45:00,5,2024-03-16T16:45:00,0.17,2024-03-16
5_2024-03-16 17:00:00,5,2024-03-16T17:00:00,0.17,2024-03-16
5_2024-03-16 17:45:00,5,2024-03-16T17:45:00,0.17,2024-03-16
5_2024-03-16 00:15:00,5,2024-03-16T00:15:00,0.14,2024-03-16
5_2024-03-16 01:00:00,5,2024-03-16T01:00:00,0.14,2024-03-16
5_2024-03-16 01:15:00,5,2024-03-16T01:15:00,0.14,2024-03-16
5_2024-03-16 08:15:00,5,2024-03-16T08:15:00,0.14,2024-03-16
5_2024-03-16 23:30:00,5,2024-03-16T23:30:00,0.14,2024-03-16
5_2024-03-17 23:00:00,5,2024-03-17T23:00:00,,2024-03-17
5_2024-03-17 23:15:00,5,2024-03-17T23:15:00,,2024-03-17
5_2024-03-17 22:15:00,5,2024-03-17T22:15:00,,2024-03-17
5_2024-03-17 19:15:00,5,2024-03-17T19:15:00,,2024-03-17
5_2024-03-17 19:00:00,5,2024-03-17T19:00:00,,2024-03-17
5_2024-03-17 19:30:00,5,2024-03-17T19:30:00,,2024-03-17
5_2024-03-17 18:15:00,5,2024-03-17T18:15:00,,2024-03-17
5_2024-03-17 18:30:00,5,2024-03-17T18:30:00,,2024-03-17
5_2024-03-17 17:30:00,5,2024-03-17T17:30:00,,2024-03-17
5_2024-03-17 17:00:00,5,2024-03-17T17:00:00,,2024-03-17
5_2024-03-17 16:30:00,5,2024-03-17T16:30:00,,2024-03-17
5_2024-03-17 15:45:00,5,2024-03-17T15:45:00,,2024-03-17
5_2024-03-17 15:15:00,5,2024-03-17T15:15:00,,2024-03-17
5_2024-03-17 13:30:00,5,2024-03-17T13:30:00,,2024-03-17
5_2024-03-17 12:30:00,5,2024-03-17T12:30:00,,2024-03-17
5_2024-03-17 12:00:00,5,2024-03-17T12:00:00,,2024-03-17
5_2024-03-17 11:45:00,5,2024-03-17T11:45:00,,2024-03-17
5_2024-03-17 10:15:00,5,2024-03-17T10:15:00,,2024-03-17
5_2024-03-17 10:00:00,5,2024-03-17T10:00:00,,2024-03-17
5_2024-03-17 10:30:00,5,2024-03-17T10:30:00,,2024-03-17
5_2024-03-17 08:15:00,5,2024-03-17T08:15:00,,2024-03-17
5_2024-03-17 07:45:00,5,2024-03-17T07:45:00,,2024-03-17
5_2024-03-17 07:15:00,5,2024-03-17T07:15:00,,2024-03-17
5_2024-03-17 05:30:00,5,2024-03-17T05:30:00,,2024-03-17
5_2024-03-17 05:15:00,5,2024-03-17T05:15:00,,2024-03-17
5_2024-03-17 04:15:00,5,2024-03-17T04:15:00,,2024-03-17
5_2024-03-17 02:00:00,5,2024-03-17T02:00:00,,2024-03-17
5_2024-03-17 02:15:00,5,2024-03-17T02:15:00,,2024-03-17
5_2024-03-17 01:00:00,5,2024-03-17T01:00:00,,2024-03-17
5_2024-03-17 01:15:00,5,2024-03-17T01:15:00,,2024-03-17
5_2024-03-17 02:45:00,5,2024-03-17T02:45:00,,2024-03-17
5_2024-03-17 06:15:00,5,2024-03-17T06:15:00,,2024-03-17
5_2024-03-17 14:15:00,5,2024-03-17T14:15:00,,2024-03-17
5_2024-03-17 20:45:00,5,2024-03-17T20:45:00,,2024-03-17
5_2024-03-17 20:30:00,5,2024-03-17T20:30:00,,2024-03-17
5_2024-03-17 21:30:00,5,2024-03-17T21:30:00,,2024-03-17
5_2024-03-17 15:30:00,5,2024-03-17T15:30:00,0.18,2024-03-17
5_2024-03-17 11:30:00,5,2024-03-17T11:30:00,0.18,2024-03-17
5_2024-03-17 10:45:00,5,2024-03-17T10:45:00,0.18,2024-03-17
5_2024-03-17 16:15:00,5,2024-03-17T16:15:00,0.18,2024-03-17
5_2024-03-17 16:00:00,5,2024-03-17T16:00:00,0.18,2024-03-17
5_2024-03-17 04:30:00,5,2024-03-17T04:30:00,0.11,2024-03-17
5_2024-03-17 03:30:00,5,2024-03-17T03:30:00,0.11,2024-03-17
5_2024-03-17 04:00:00,5,2024-03-17T04:00:00,0.11,2024-03-17
5_2024-03-17 03:00:00,5,2024-03-17T03:00:00,0.11,2024-03-17
5_2024-03-17 03:15:00,5,2024-03-17T03:15:00,0.11,2024-03-17
5_2024-03-17 06:30:00,5,2024-03-17T06:30:00,0.11,2024-03-17
5_2024-03-17 06:45:00,5,2024-03-17T06:45:00,0.11,2024-03-17
5_2024-03-17 07:00:00,5,2024-03-17T07:00:00,0.11,2024-03-17
5_2024-03-17 09:00:00,5,2024-03-17T09:00:00,0.15,2024-03-17
5_2024-03-17 08:45:00,5,2024-03-17T08:45:00,0.15,2024-03-17
5_2024-03-17 00:00:00,5,2024-03-17T00:00:00,0.15,2024-03-17
5_2024-03-17 00:30:00,5,2024-03-17T00:30:00,0.15,2024-03-17
5_2024-03-17 14:45:00,5,2024-03-17T14:45:00,0.19,2024-03-17
5_2024-03-17 12:45:00,5,2024-03-17T12:45:00,0.19,2024-03-17
5_2024-03-17 11:15:00,5,2024-03-17T11:15:00,0.19,2024-03-17
5_2024-03-17 11:00:00,5,2024-03-17T11:00:00,0.19,2024-03-17
5_2024-03-17 13:45:00,5,2024-03-17T13:45:00,0.19,2024-03-17
5_2024-03-17 14:30:00,5,2024-03-17T14:30:00,0.19,2024-03-17
5_2024-03-17 15:00:00,5,2024-03-17T15:00:00,0.19,2024-03-17
5_2024-03-17 23:30:00,5,2024-03-17T23:30:00,0.16,2024-03-17
5_2024-03-17 22:45:00,5,2024-03-17T22:45:00,0.16,2024-03-17
5_2024-03-17 20:15:00,5,2024-03-17T20:15:00,0.16,2024-03-17
5_2024-03-17 18:45:00,5,2024-03-17T18:45:00,0.16,2024-03-17
5_2024-03-17 17:45:00,5,2024-03-17T17:45:00,0.16,2024-03-17
5_2024-03-17 09:30:00,5,2024-03-17T09:30:00,0.16,2024-03-17
5_2024-03-17 09:15:00,5,2024-03-17T09:15:00,0.16,2024-03-17
5_2024-03-17 18:00:00,5,2024-03-17T18:00:00,0.16,2024-03-17
5_2024-03-17 21:00:00,5,2024-03-17T21:00:00,0.16,2024-03-17
5_2024-03-17 21:15:00,5,2024-03-17T21:15:00,0.16,2024-03-17
5_2024-03-17 23:45:00,5,2024-03-17T23:45:00,0.16,2024-03-17
5_2024-03-17 06:00:00,5,2024-03-17T06:00:00,0.1,2024-03-17
5_2024-03-17 05:45:00,5,2024-03-17T05:45:00,0.1,2024-03-17
5_2024-03-17 03:45:00,5,2024-03-17T03:45:00,0.1,2024-03-17
5_2024-03-17 04:45:00,5,2024-03-17T04:45:00,0.1,2024-03-17
5_2024-03-17 05:00:00,5,2024-03-17T05:00:00,0.1,2024-03-17
5_2024-03-17 14:00:00,5,2024-03-17T14:00:00,0.2,2024-03-17
5_2024-03-17 13:15:00,5,2024-03-17T13:15:00,0.2,2024-03-17
5_2024-03-17 13:00:00,5,2024-03-17T13:00:00,0.2,2024-03-17
5_2024-03-17 12:15:00,5,2024-03-17T12:15:00,0.2,2024-03-17
5_2024-03-17 08:00:00,5,2024-03-17T08:00:00,0.13,2024-03-17
5_2024-03-17 01:45:00,5,2024-03-17T01:45:00,0.13,2024-03-17
5_2024-03-17 01:30:00,5,2024-03-17T01:30:00,0.13,2024-03-17
5_2024-03-17 07:30:00,5,2024-03-17T07:30:00,0.12,2024-03-17
5_2024-03-17 02:30:00,5,2024-03-17T02:30:00,0.12,2024-03-17
5_2024-03-17 22:30:00,5,2024-03-17T22:30:00,0.17,2024-03-17
5_2024-03-17 22:00:00,5,2024-03-17T22:00:00,0.17,2024-03-17
5_2024-03-17 19:45:00,5,2024-03-17T19:45:00,0.17,2024-03-17
5_2024-03-17 20:00:00,5,2024-03-17T20:00:00,0.17,2024-03-17
5_2024-03-17 17:15:00,5,2024-03-17T17:15:00,0.17,2024-03-17
5_2024-03-17 16:45:00,5,2024-03-17T16:45:00,0.17,2024-03-17
5_2024-03-17 09:45:00,5,2024-03-17T09:45:00,0.17,2024-03-17
5_2024-03-17 21:45:00,5,2024-03-17T21:45:00,0.17,2024-03-17
5_2024-03-17 08:30:00,5,2024-03-17T08:30:00,0.14,2024-03-17
5_2024-03-17 00:15:00,5,2024-03-17T00:15:00,0.14,2024-03-17
5_2024-03-17 00:45:00,5,2024-03-17T00:45:00,0.14,2024-03-17
5_2024-03-18 23:30:00,5,2024-03-18T23:30:00,,2024-03-18
5_2024-03-18 21:15:00,5,2024-03-18T21:15:00,,2024-03-18
5_2024-03-18 19:15:00,5,2024-03-18T19:15:00,,2024-03-18
5_2024-03-18 17:45:00,5,2024-03-18T17:45:00,,2024-03-18
5_2024-03-18 16:45:00,5,2024-03-18T16:45:00,,2024-03-18
5_2024-03-18 16:30:00,5,2024-03-18T16:30:00,,2024-03-18
5_2024-03-18 17:30:00,5,2024-03-18T17:30:00,,2024-03-18
5_2024-03-18 17:00:00,5,2024-03-18T17:00:00,,2024-03-18
5_2024-03-18 17:15:00,5,2024-03-18T17:15:00,,2024-03-18
5_2024-03-18 18:00:00,5,2024-03-18T18:00:00,,2024-03-18
5_2024-03-18 16:15:00,5,2024-03-18T16:15:00,,2024-03-18
5_2024-03-18 15:30:00,5,2024-03-18T15:30:00,,2024-03-18
5_2024-03-18 15:15:00,5,2024-03-18T15:15:00,,2024-03-18
5_2024-03-18 14:30:00,5,2024-03-18T14:30:00,,2024-03-18
5_2024-03-18 13:15:00,5,2024-03-18T13:15:00,,2024-03-18
5_2024-03-18 11:45:00,5,2024-03-18T11:45:00,,2024-03-18
5_2024-03-18 11:00:00,5,2024-03-18T11:00:00,,2024-03-18
5_2024-03-18 09:45:00,5,2024-03-18T09:45:00,,2024-03-18
5_2024-03-18 10:15:00,5,2024-03-18T10:15:00,,2024-03-18
5_2024-03-18 10:00:00,5,2024-03-18T10:00:00,,2024-03-18
5_2024-03-18 09:30:00,5,2024-03-18T09:30:00,,2024-03-18
5_2024-03-18 07:30:00,5,2024-03-18T07:30:00,,2024-03-18
5_2024-03-18 06:15:00,5,2024-03-18T06:15:00,,2024-03-18
5_2024-03-18 05:30:00,5,2024-03-18T05:30:00,,2024-03-18
5_2024-03-18 04:30:00,5,2024-03-18T04:30:00,,2024-03-18
5_2024-03-18 04:00:00,5,2024-03-18T04:00:00,,2024-03-18
5_2024-03-18 02:15:00,5,2024-03-18T02:15:00,,2024-03-18
5_2024-03-18 02:30:00,5,2024-03-18T02:30:00,,2024-03-18
5_2024-03-18 01:45:00,5,2024-03-18T01:45:00,,2024-03-18
5_2024-03-18 00:45:00,5,2024-03-18T00:45:00,,2024-03-18
5_2024-03-18 20:30:00,5,2024-03-18T20:30:00,,2024-03-18
5_2024-03-18 15:00:00,5,2024-03-18T15:00:00,0.18,2024-03-18
5_2024-03-18 14:45:00,5,2024-03-18T14:45:00,0.18,2024-03-18
5_2024-03-18 08:30:00,5,2024-03-18T08:30:00,0.18,2024-03-18
5_2024-03-18 06:45:00,5,2024-03-18T06:45:00,0.11,2024-03-18
5_2024-03-18 03:45:00,5,2024-03-18T03:45:00,0.11,2024-03-18
5_2024-03-18 03:15:00,5,2024-03-18T03:15:00,0.11,2024-03-18
5_2024-03-18 03:00:00,5,2024-03-18T03:00:00,0.11,2024-03-18
5_2024-03-18 06:00:00,5,2024-03-18T06:00:00,0.11,2024-03-18
5_2024-03-18 09:00:00,5,2024-03-18T09:00:00,0.22,2024-03-18
5_2024-03-18 23:45:00,5,2024-03-18T23:45:00,0.15,2024-03-18
5_2024-03-18 00:15:00,5,2024-03-18T00:15:00,0.15,2024-03-18
5_2024-03-18,5,,0.15,2024-03-18
5_2024-03-18 14:00:00,5,2024-03-18T14:00:00,0.19,2024-03-18
5_2024-03-18 13:30:00,5,2024-03-18T13:30:00,0.19,2024-03-18
5_2024-03-18 12:45:00,5,2024-03-18T12:45:00,0.19,2024-03-18
5_2024-03-18 12:30:00,5,2024-03-18T12:30:00,0.19,2024-03-18
5_2024-03-18 11:30:00,5,2024-03-18T11:30:00,0.19,2024-03-18
5_2024-03-18 09:15:00,5,2024-03-18T09:15:00,0.19,2024-03-18
5_2024-03-18 13:00:00,5,2024-03-18T13:00:00,0.19,2024-03-18
5_2024-03-18 14:15:00,5,2024-03-18T14:15:00,0.19,2024-03-18
5_2024-03-18 23:15:00,5,2024-03-18T23:15:00,0.16,2024-03-18
5_2024-03-18 23:00:00,5,2024-03-18T23:00:00,0.16,2024-03-18
5_2024-03-18 22:45:00,5,2024-03-18T22:45:00,0.16,2024-03-18
5_2024-03-18 22:30:00,5,2024-03-18T22:30:00,0.16,2024-03-18
5_2024-03-18 20:15:00,5,2024-03-18T20:15:00,0.16,2024-03-18
5_2024-03-18 20:00:00,5,2024-03-18T20:00:00,0.16,2024-03-18
5_2024-03-18 19:45:00,5,2024-03-18T19:45:00,0.16,2024-03-18
5_2024-03-18 19:00:00,5,2024-03-18T19:00:00,0.16,2024-03-18
5_2024-03-18 19:30:00,5,2024-03-18T19:30:00,0.16,2024-03-18
5_2024-03-18 18:45:00,5,2024-03-18T18:45:00,0.16,2024-03-18
5_2024-03-18 18:30:00,5,2024-03-18T18:30:00,0.16,2024-03-18
5_2024-03-18 18:15:00,5,2024-03-18T18:15:00,0.16,2024-03-18
5_2024-03-18 08:00:00,5,2024-03-18T08:00:00,0.16,2024-03-18
5_2024-03-18 07:45:00,5,2024-03-18T07:45:00,0.16,2024-03-18
5_2024-03-18 05:45:00,5,2024-03-18T05:45:00,0.1,2024-03-18
5_2024-03-18 05:15:00,5,2024-03-18T05:15:00,0.1,2024-03-18
5_2024-03-18 04:45:00,5,2024-03-18T04:45:00,0.1,2024-03-18
5_2024-03-18 05:00:00,5,2024-03-18T05:00:00,0.1,2024-03-18
5_2024-03-18 04:15:00,5,2024-03-18T04:15:00,0.1,2024-03-18
5_2024-03-18 03:30:00,5,2024-03-18T03:30:00,0.1,2024-03-18
5_2024-03-18 13:45:00,5,2024-03-18T13:45:00,0.2,2024-03-18
5_2024-03-18 12:00:00,5,2024-03-18T12:00:00,0.2,2024-03-18
5_2024-03-18 12:15:00,5,2024-03-18T12:15:00,0.2,2024-03-18
5_2024-03-18 11:15:00,5,2024-03-18T11:15:00,0.2,2024-03-18
5_2024-03-18 10:45:00,5,2024-03-18T10:45:00,0.2,2024-03-18
5_2024-03-18 10:30:00,5,2024-03-18T10:30:00,0.2,2024-03-18
5_2024-03-18 08:45:00,5,2024-03-18T08:45:00,0.2,2024-03-18
5_2024-03-18 01:30:00,5,2024-03-18T01:30:00,0.13,2024-03-18
5_2024-03-18 01:15:00,5,2024-03-18T01:15:00,0.13,2024-03-18
5_2024-03-18 01:00:00,5,2024-03-18T01:00:00,0.13,2024-03-18
5_2024-03-18 07:00:00,5,2024-03-18T07:00:00,0.12,2024-03-18
5_2024-03-18 06:30:00,5,2024-03-18T06:30:00,0.12,2024-03-18
5_2024-03-18 02:45:00,5,2024-03-18T02:45:00,0.12,2024-03-18
5_2024-03-18 02:00:00,5,2024-03-18T02:00:00,0.12,2024-03-18
5_2024-03-18 21:45:00,5,2024-03-18T21:45:00,0.17,2024-03-18
5_2024-03-18 22:00:00,5,2024-03-18T22:00:00,0.17,2024-03-18
5_2024-03-18 22:15:00,5,2024-03-18T22:15:00,0.17,2024-03-18
5_2024-03-18 21:30:00,5,2024-03-18T21:30:00,0.17,2024-03-18
5_2024-03-18 16:00:00,5,2024-03-18T16:00:00,0.17,2024-03-18
5_2024-03-18 15:45:00,5,2024-03-18T15:45:00,0.17,2024-03-18
5_2024-03-18 08:15:00,5,2024-03-18T08:15:00,0.17,2024-03-18
5_2024-03-18 21:00:00,5,2024-03-18T21:00:00,0.17,2024-03-18
5_2024-03-18 20:45:00,5,2024-03-18T20:45:00,0.17,2024-03-18
5_2024-03-18 07:15:00,5,2024-03-18T07:15:00,0.14,2024-03-18
5_2024-03-18 00:30:00,5,2024-03-18T00:30:00,0.14,2024-03-18
5_2024-03-19 22:15:00,5,2024-03-19T22:15:00,,2024-03-19
5_2024-03-19 21:15:00,5,2024-03-19T21:15:00,,2024-03-19
5_2024-03-19 20:45:00,5,2024-03-19T20:45:00,,2024-03-19
5_2024-03-19 19:15:00,5,2024-03-19T19:15:00,,2024-03-19
5_2024-03-19 18:30:00,5,2024-03-19T18:30:00,,2024-03-19
5_2024-03-19 17:15:00,5,2024-03-19T17:15:00,,2024-03-19
5_2024-03-19 17:30:00,5,2024-03-19T17:30:00,,2024-03-19
5_2024-03-19 16:15:00,5,2024-03-19T16:15:00,,2024-03-19
5_2024-03-19 14:00:00,5,2024-03-19T14:00:00,,2024-03-19
5_2024-03-19 13:45:00,5,2024-03-19T13:45:00,,2024-03-19
5_2024-03-19 13:00:00,5,2024-03-19T13:00:00,,2024-03-19
5_2024-03-19 11:45:00,5,2024-03-19T11:45:00,,2024-03-19
5_2024-03-19 11:30:00,5,2024-03-19T11:30:00,,2024-03-19
5_2024-03-19 04:30:00,5,2024-03-19T04:30:00,,2024-03-19
5_2024-03-19 07:00:00,5,2024-03-19T07:00:00,,2024-03-19
5_2024-03-19 02:15:00,5,2024-03-19T02:15:00,,2024-03-19
5_2024-03-19 09:00:00,5,2024-03-19T09:00:00,,2024-03-19
5_2024-03-19 05:30:00,5,2024-03-19T05:30:00,,2024-03-19
5_2024-03-19 06:00:00,5,2024-03-19T06:00:00,,2024-03-19
5_2024-03-19 05:45:00,5,2024-03-19T05:45:00,,2024-03-19
5_2024-03-19 09:45:00,5,2024-03-19T09:45:00,,2024-03-19
5_2024-03-19 07:30:00,5,2024-03-19T07:30:00,,2024-03-19
5_2024-03-19 09:30:00,5,2024-03-19T09:30:00,,2024-03-19
5_2024-03-19 02:30:00,5,2024-03-19T02:30:00,,2024-03-19
5_2024-03-19 03:30:00,5,2024-03-19T03:30:00,,2024-03-19
5_2024-03-19 03:00:00,5,2024-03-19T03:00:00,,2024-03-19
5_2024-03-19 01:00:00,5,2024-03-19T01:00:00,,2024-03-19
5_2024-03-19 07:45:00,5,2024-03-19T07:45:00,,2024-03-19
5_2024-03-19 02:45:00,5,2024-03-19T02:45:00,,2024-03-19
5_2024-03-19 04:15:00,5,2024-03-19T04:15:00,,2024-03-19
5_2024-03-19 06:30:00,5,2024-03-19T06:30:00,,2024-03-19
5_2024-03-19 10:45:00,5,2024-03-19T10:45:00,,2024-03-19
5_2024-03-19 01:15:00,5,2024-03-19T01:15:00,,2024-03-19
5_2024-03-19 00:30:00,5,2024-03-19T00:30:00,,2024-03-19
5_2024-03-19 07:15:00,5,2024-03-19T07:15:00,,2024-03-19
5_2024-03-19 10:15:00,5,2024-03-19T10:15:00,,2024-03-19
5_2024-03-19 03:15:00,5,2024-03-19T03:15:00,,2024-03-19
5_2024-03-19 04:45:00,5,2024-03-19T04:45:00,,2024-03-19
5_2024-03-19 05:15:00,5,2024-03-19T05:15:00,,2024-03-19
5_2024-03-19 06:15:00,5,2024-03-19T06:15:00,,2024-03-19
5_2024-03-19 01:45:00,5,2024-03-19T01:45:00,,2024-03-19
5_2024-03-19 08:00:00,5,2024-03-19T08:00:00,,2024-03-19
5_2024-03-19 02:00:00,5,2024-03-19T02:00:00,,2024-03-19
5_2024-03-19 09:15:00,5,2024-03-19T09:15:00,,2024-03-19
5_2024-03-19 05:00:00,5,2024-03-19T05:00:00,,2024-03-19
5_2024-03-19 01:30:00,5,2024-03-19T01:30:00,,2024-03-19
5_2024-03-19 04:00:00,5,2024-03-19T04:00:00,,2024-03-19
5_2024-03-19 03:45:00,5,2024-03-19T03:45:00,,2024-03-19
5_2024-03-19 10:00:00,5,2024-03-19T10:00:00,,2024-03-19
5_2024-03-19 00:45:00,5,2024-03-19T00:45:00,,2024-03-19
5_2024-03-19 08:15:00,5,2024-03-19T08:15:00,,2024-03-19
5_2024-03-19 06:45:00,5,2024-03-19T06:45:00,,2024-03-19
5_2024-03-19 08:30:00,5,2024-03-19T08:30:00,,2024-03-19
5_2024-03-19 08:45:00,5,2024-03-19T08:45:00,,2024-03-19
5_2024-03-19 10:30:00,5,2024-03-19T10:30:00,,2024-03-19
5_2024-03-19 14:15:00,5,2024-03-19T14:15:00,,2024-03-19
5_2024-03-19 16:30:00,5,2024-03-19T16:30:00,0.18,2024-03-19
5_2024-03-19 15:45:00,5,2024-03-19T15:45:00,0.18,2024-03-19
5_2024-03-19 16:00:00,5,2024-03-19T16:00:00,0.18,2024-03-19
5_2024-03-19 14:30:00,5,2024-03-19T14:30:00,0.18,2024-03-19
5_2024-03-19 14:45:00,5,2024-03-19T14:45:00,0.18,2024-03-19
5_2024-03-19 13:30:00,5,2024-03-19T13:30:00,0.18,2024-03-19
5_2024-03-19 13:15:00,5,2024-03-19T13:15:00,0.18,2024-03-19
5_2024-03-19 12:45:00,5,2024-03-19T12:45:00,0.18,2024-03-19
5_2024-03-19 12:15:00,5,2024-03-19T12:15:00,0.18,2024-03-19
5_2024-03-19 12:00:00,5,2024-03-19T12:00:00,0.18,2024-03-19
5_2024-03-19 11:00:00,5,2024-03-19T11:00:00,0.18,2024-03-19
5_2024-03-19 11:15:00,5,2024-03-19T11:15:00,0.18,2024-03-19
5_2024-03-19 15:30:00,5,2024-03-19T15:30:00,0.18,2024-03-19
5_2024-03-19 23:45:00,5,2024-03-19T23:45:00,0.15,2024-03-19
5_2024-03-19,5,,0.15,2024-03-19
5_2024-03-19 23:30:00,5,2024-03-19T23:30:00,0.15,2024-03-19
5_2024-03-19 12:30:00,5,2024-03-19T12:30:00,0.19,2024-03-19
5_2024-03-19 23:15:00,5,2024-03-19T23:15:00,0.16,2024-03-19
5_2024-03-19 20:15:00,5,2024-03-19T20:15:00,0.16,2024-03-19
5_2024-03-19 20:00:00,5,2024-03-19T20:00:00,0.16,2024-03-19
5_2024-03-19 19:30:00,5,2024-03-19T19:30:00,0.16,2024-03-19
5_2024-03-19 18:00:00,5,2024-03-19T18:00:00,0.16,2024-03-19
5_2024-03-19 20:30:00,5,2024-03-19T20:30:00,0.16,2024-03-19
5_2024-03-19 23:00:00,5,2024-03-19T23:00:00,0.17,2024-03-19
5_2024-03-19 22:45:00,5,2024-03-19T22:45:00,0.17,2024-03-19
5_2024-03-19 22:00:00,5,2024-03-19T22:00:00,0.17,2024-03-19
5_2024-03-19 21:45:00,5,2024-03-19T21:45:00,0.17,2024-03-19
5_2024-03-19 22:30:00,5,2024-03-19T22:30:00,0.17,2024-03-19
5_2024-03-19 21:00:00,5,2024-03-19T21:00:00,0.17,2024-03-19
5_2024-03-19 21:30:00,5,2024-03-19T21:30:00,0.17,2024-03-19
5_2024-03-19 19:45:00,5,2024-03-19T19:45:00,0.17,2024-03-19
5_2024-03-19 19:00:00,5,2024-03-19T19:00:00,0.17,2024-03-19
5_2024-03-19 18:45:00,5,2024-03-19T18:45:00,0.17,2024-03-19
5_2024-03-19 18:15:00,5,2024-03-19T18:15:00,0.17,2024-03-19
5_2024-03-19 17:00:00,5,2024-03-19T17:00:00,0.17,2024-03-19
5_2024-03-19 16:45:00,5,2024-03-19T16:45:00,0.17,2024-03-19
5_2024-03-19 15:00:00,5,2024-03-19T15:00:00,0.17,2024-03-19
5_2024-03-19 15:15:00,5,2024-03-19T15:15:00,0.17,2024-03-19
5_2024-03-19 17:45:00,5,2024-03-19T17:45:00,0.17,2024-03-19
5_2024-03-19 00:15:00,5,2024-03-19T00:15:00,0.14,2024-03-19
5_2024-03-20 21:30:00,5,2024-03-20T21:30:00,,2024-03-20
5_2024-03-20 20:30:00,5,2024-03-20T20:30:00,,2024-03-20
5_2024-03-20 19:00:00,5,2024-03-20T19:00:00,,2024-03-20
5_2024-03-20 19:15:00,5,2024-03-20T19:15:00,,2024-03-20
5_2024-03-20 17:30:00,5,2024-03-20T17:30:00,,2024-03-20
5_2024-03-20 16:15:00,5,2024-03-20T16:15:00,,2024-03-20
5_2024-03-20 15:30:00,5,2024-03-20T15:30:00,,2024-03-20
5_2024-03-20 15:15:00,5,2024-03-20T15:15:00,,2024-03-20
5_2024-03-20 15:45:00,5,2024-03-20T15:45:00,,2024-03-20
5_2024-03-20 13:30:00,5,2024-03-20T13:30:00,,2024-03-20
5_2024-03-20 12:15:00,5,2024-03-20T12:15:00,,2024-03-20
5_2024-03-20 12:00:00,5,2024-03-20T12:00:00,,2024-03-20
5_2024-03-20 10:30:00,5,2024-03-20T10:30:00,,2024-03-20
5_2024-03-20 07:45:00,5,2024-03-20T07:45:00,,2024-03-20
5_2024-03-20 06:30:00,5,2024-03-20T06:30:00,,2024-03-20
5_2024-03-20 04:15:00,5,2024-03-20T04:15:00,,2024-03-20
5_2024-03-20 04:45:00,5,2024-03-20T04:45:00,,2024-03-20
5_2024-03-20 00:30:00,5,2024-03-20T00:30:00,,2024-03-20
5_2024-03-20 02:30:00,5,2024-03-20T02:30:00,,2024-03-20
5_2024-03-20 07:00:00,5,2024-03-20T07:00:00,,2024-03-20
5_2024-03-20 14:30:00,5,2024-03-20T14:30:00,,2024-03-20
5_2024-03-20 18:30:00,5,2024-03-20T18:30:00,,2024-03-20
5_2024-03-20 05:15:00,5,2024-03-20T05:15:00,0.09,2024-03-20
5_2024-03-20 04:30:00,5,2024-03-20T04:30:00,0.09,2024-03-20
5_2024-03-20 03:30:00,5,2024-03-20T03:30:00,0.09,2024-03-20
5_2024-03-20 04:00:00,5,2024-03-20T04:00:00,0.09,2024-03-20
5_2024-03-20 05:00:00,5,2024-03-20T05:00:00,0.09,2024-03-20
5_2024-03-20 05:45:00,5,2024-03-20T05:45:00,0.09,2024-03-20
5_2024-03-20 15:00:00,5,2024-03-20T15:00:00,0.18,2024-03-20
5_2024-03-20 14:15:00,5,2024-03-20T14:15:00,0.18,2024-03-20
5_2024-03-20 14:00:00,5,2024-03-20T14:00:00,0.18,2024-03-20
5_2024-03-20 13:00:00,5,2024-03-20T13:00:00,0.18,2024-03-20
5_2024-03-20 12:45:00,5,2024-03-20T12:45:00,0.18,2024-03-20
5_2024-03-20 10:15:00,5,2024-03-20T10:15:00,0.18,2024-03-20
5_2024-03-20 09:30:00,5,2024-03-20T09:30:00,0.18,2024-03-20
5_2024-03-20 08:00:00,5,2024-03-20T08:00:00,0.18,2024-03-20
5_2024-03-20 09:45:00,5,2024-03-20T09:45:00,0.18,2024-03-20
5_2024-03-20 10:00:00,5,2024-03-20T10:00:00,0.18,2024-03-20
5_2024-03-20 13:15:00,5,2024-03-20T13:15:00,0.18,2024-03-20
5_2024-03-20 13:45:00,5,2024-03-20T13:45:00,0.18,2024-03-20
5_2024-03-20 14:45:00,5,2024-03-20T14:45:00,0.18,2024-03-20
5_2024-03-20 06:45:00,5,2024-03-20T06:45:00,0.11,2024-03-20
5_2024-03-20 02:00:00,5,2024-03-20T02:00:00,0.11,2024-03-20
5_2024-03-20 02:45:00,5,2024-03-20T02:45:00,0.11,2024-03-20
5_2024-03-20 00:15:00,5,2024-03-20T00:15:00,0.15,2024-03-20
5_2024-03-20 00:00:00,5,2024-03-20T00:00:00,0.15,2024-03-20
5_2024-03-20 12:30:00,5,2024-03-20T12:30:00,0.19,2024-03-20
5_2024-03-20 11:30:00,5,2024-03-20T11:30:00,0.19,2024-03-20
5_2024-03-20 11:15:00,5,2024-03-20T11:15:00,0.19,2024-03-20
5_2024-03-20 11:00:00,5,2024-03-20T11:00:00,0.19,2024-03-20
5_2024-03-20 10:45:00,5,2024-03-20T10:45:00,0.19,2024-03-20
5_2024-03-20 11:45:00,5,2024-03-20T11:45:00,0.19,2024-03-20
5_2024-03-20 23:45:00,5,2024-03-20T23:45:00,0.16,2024-03-20
5_2024-03-20 23:30:00,5,2024-03-20T23:30:00,0.16,2024-03-20
5_2024-03-20 23:15:00,5,2024-03-20T23:15:00,0.16,2024-03-20
5_2024-03-20 21:15:00,5,2024-03-20T21:15:00,0.16,2024-03-20
5_2024-03-20 20:15:00,5,2024-03-20T20:15:00,0.16,2024-03-20
5_2024-03-20 20:45:00,5,2024-03-20T20:45:00,0.16,2024-03-20
5_2024-03-20 20:00:00,5,2024-03-20T20:00:00,0.16,2024-03-20
5_2024-03-20 19:45:00,5,2024-03-20T19:45:00,0.16,2024-03-20
5_2024-03-20 19:30:00,5,2024-03-20T19:30:00,0.16,2024-03-20
5_2024-03-20 18:45:00,5,2024-03-20T18:45:00,0.16,2024-03-20
5_2024-03-20 18:15:00,5,2024-03-20T18:15:00,0.16,2024-03-20
5_2024-03-20 18:00:00,5,2024-03-20T18:00:00,0.16,2024-03-20
5_2024-03-20 17:15:00,5,2024-03-20T17:15:00,0.16,2024-03-20
5_2024-03-20 08:15:00,5,2024-03-20T08:15:00,0.16,2024-03-20
5_2024-03-20 06:00:00,5,2024-03-20T06:00:00,0.1,2024-03-20
5_2024-03-20 06:15:00,5,2024-03-20T06:15:00,0.1,2024-03-20
5_2024-03-20 03:45:00,5,2024-03-20T03:45:00,0.1,2024-03-20
5_2024-03-20 03:15:00,5,2024-03-20T03:15:00,0.1,2024-03-20
5_2024-03-20 03:00:00,5,2024-03-20T03:00:00,0.1,2024-03-20
5_2024-03-20 05:30:00,5,2024-03-20T05:30:00,0.1,2024-03-20
5_2024-03-20 07:15:00,5,2024-03-20T07:15:00,0.13,2024-03-20
5_2024-03-20 01:15:00,5,2024-03-20T01:15:00,0.13,2024-03-20
5_2024-03-20 01:00:00,5,2024-03-20T01:00:00,0.13,2024-03-20
5_2024-03-20 01:30:00,5,2024-03-20T01:30:00,0.12,2024-03-20
5_2024-03-20 01:45:00,5,2024-03-20T01:45:00,0.12,2024-03-20
5_2024-03-20 02:15:00,5,2024-03-20T02:15:00,0.12,2024-03-20
5_2024-03-20 23:00:00,5,2024-03-20T23:00:00,0.17,2024-03-20
5_2024-03-20 22:45:00,5,2024-03-20T22:45:00,0.17,2024-03-20
5_2024-03-20 22:30:00,5,2024-03-20T22:30:00,0.17,2024-03-20
5_2024-03-20 22:15:00,5,2024-03-20T22:15:00,0.17,2024-03-20
5_2024-03-20 21:45:00,5,2024-03-20T21:45:00,0.17,2024-03-20
5_2024-03-20 22:00:00,5,2024-03-20T22:00:00,0.17,2024-03-20
5_2024-03-20 21:00:00,5,2024-03-20T21:00:00,0.17,2024-03-20
5_2024-03-20 17:45:00,5,2024-03-20T17:45:00,0.17,2024-03-20
5_2024-03-20 17:00:00,5,2024-03-20T17:00:00,0.17,2024-03-20
5_2024-03-20 16:45:00,5,2024-03-20T16:45:00,0.17,2024-03-20
5_2024-03-20 16:30:00,5,2024-03-20T16:30:00,0.17,2024-03-20
5_2024-03-20 16:00:00,5,2024-03-20T16:00:00,0.17,2024-03-20
5_2024-03-20 09:15:00,5,2024-03-20T09:15:00,0.17,2024-03-20
5_2024-03-20 08:45:00,5,2024-03-20T08:45:00,0.17,2024-03-20
5_2024-03-20 09:00:00,5,2024-03-20T09:00:00,0.17,2024-03-20
5_2024-03-20 08:30:00,5,2024-03-20T08:30:00,0.17,2024-03-20
5_2024-03-20 00:45:00,5,2024-03-20T00:45:00,0.14,2024-03-20
5_2024-03-20 07:30:00,5,2024-03-20T07:30:00,0.14,2024-03-20
2_2024-03-22 07:15:00,2,2024-03-22T07:15:00,0.33,2024-03-22
2_2024-03-22 07:45:00,2,2024-03-22T07:45:00,0.33,2024-03-22
2_2024-03-22 08:00:00,2,2024-03-22T08:00:00,0.33,2024-03-22
2_2024-03-22 07:30:00,2,2024-03-22T07:30:00,0.33,2024-03-22
2_2024-03-22 06:45:00,2,2024-03-22T06:45:00,0.33,2024-03-22
2_2024-03-22 07:00:00,2,2024-03-22T07:00:00,0.33,2024-03-22
2_2024-03-22 06:30:00,2,2024-03-22T06:30:00,0.33,2024-03-22
2_2024-03-22 06:15:00,2,2024-03-22T06:15:00,0.33,2024-03-22
2_2024-03-22 06:00:00,2,2024-03-22T06:00:00,0.33,2024-03-22
2_2024-03-22 05:45:00,2,2024-03-22T05:45:00,0.33,2024-03-22
2_2024-03-22 05:30:00,2,2024-03-22T05:30:00,0.33,2024-03-22
2_2024-03-22 05:15:00,2,2024-03-22T05:15:00,0.33,2024-03-22
2_2024-03-22 04:45:00,2,2024-03-22T04:45:00,0.33,2024-03-22
2_2024-03-22 05:00:00,2,2024-03-22T05:00:00,0.33,2024-03-22
2_2024-03-22 04:30:00,2,2024-03-22T04:30:00,0.33,2024-03-22
2_2024-03-22 04:15:00,2,2024-03-22T04:15:00,0.33,2024-03-22
2_2024-03-22 03:15:00,2,2024-03-22T03:15:00,0.33,2024-03-22
2_2024-03-22 03:45:00,2,2024-03-22T03:45:00,0.33,2024-03-22
2_2024-03-22 04:00:00,2,2024-03-22T04:00:00,0.33,2024-03-22
2_2024-03-22 03:30:00,2,2024-03-22T03:30:00,0.33,2024-03-22
2_2024-03-22 02:30:00,2,2024-03-22T02:30:00,0.33,2024-03-22
2_2024-03-22 02:45:00,2,2024-03-22T02:45:00,0.33,2024-03-22
2_2024-03-22 02:00:00,2,2024-03-22T02:00:00,0.33,2024-03-22
2_2024-03-22 01:30:00,2,2024-03-22T01:30:00,0.33,2024-03-22
2_2024-03-22 00:45:00,2,2024-03-22T00:45:00,0.33,2024-03-22
2_2024-03-22 00:15:00,2,2024-03-22T00:15:00,0.33,2024-03-22
2_2024-03-22 00:30:00,2,2024-03-22T00:30:00,0.33,2024-03-22
2_2024-03-22 01:00:00,2,2024-03-22T01:00:00,0.33,2024-03-22
2_2024-03-22 00:00:00,2,2024-03-22T00:00:00,0.33,2024-03-22
2_2024-03-22 01:45:00,2,2024-03-22T01:45:00,0.33,2024-03-22
2_2024-03-22 01:15:00,2,2024-03-22T01:15:00,0.33,2024-03-22
2_2024-03-22 03:00:00,2,2024-03-22T03:00:00,0.33,2024-03-22
2_2024-03-22 02:15:00,2,2024-03-22T02:15:00,0.33,2024-03-22
5_2024-03-22 08:00:00,5,2024-03-22T08:00:00,,2024-03-22
5_2024-03-22 08:45:00,5,2024-03-22T08:45:00,,2024-03-22
5_2024-03-22 08:15:00,5,2024-03-22T08:15:00,,2024-03-22
5_2024-03-22 07:15:00,5,2024-03-22T07:15:00,,2024-03-22
5_2024-03-22 07:00:00,5,2024-03-22T07:00:00,,2024-03-22
5_2024-03-22 03:30:00,5,2024-03-22T03:30:00,,2024-03-22
5_2024-03-22 02:15:00,5,2024-03-22T02:15:00,,2024-03-22
5_2024-03-22 02:30:00,5,2024-03-22T02:30:00,,2024-03-22
5_2024-03-22 06:45:00,5,2024-03-22T06:45:00,0.09,2024-03-22
5_2024-03-22 06:30:00,5,2024-03-22T06:30:00,0.09,2024-03-22
5_2024-03-22 06:00:00,5,2024-03-22T06:00:00,0.09,2024-03-22
5_2024-03-22 05:00:00,5,2024-03-22T05:00:00,0.09,2024-03-22
5_2024-03-22 05:15:00,5,2024-03-22T05:15:00,0.09,2024-03-22
5_2024-03-22 04:15:00,5,2024-03-22T04:15:00,0.09,2024-03-22
5_2024-03-22 04:00:00,5,2024-03-22T04:00:00,0.09,2024-03-22
5_2024-03-22 03:15:00,5,2024-03-22T03:15:00,0.09,2024-03-22
5_2024-03-22 03:00:00,5,2024-03-22T03:00:00,0.09,2024-03-22
5_2024-03-22 03:45:00,5,2024-03-22T03:45:00,0.09,2024-03-22
5_2024-03-22 06:15:00,5,2024-03-22T06:15:00,0.09,2024-03-22
5_2024-03-22 02:00:00,5,2024-03-22T02:00:00,0.11,2024-03-22
5_2024-03-22 08:30:00,5,2024-03-22T08:30:00,0.15,2024-03-22
5_2024-03-22 09:00:00,5,2024-03-22T09:00:00,0.15,2024-03-22
5_2024-03-22,5,,0.15,2024-03-22
5_2024-03-22 05:30:00,5,2024-03-22T05:30:00,0.08,2024-03-22
5_2024-03-22 05:45:00,5,2024-03-22T05:45:00,0.08,2024-03-22
5_2024-03-22 04:45:00,5,2024-03-22T04:45:00,0.08,2024-03-22
5_2024-03-22 04:30:00,5,2024-03-22T04:30:00,0.08,2024-03-22
5_2024-03-22 02:45:00,5,2024-03-22T02:45:00,0.1,2024-03-22
5_2024-03-22 01:15:00,5,2024-03-22T01:15:00,0.13,2024-03-22
5_2024-03-22 01:00:00,5,2024-03-22T01:00:00,0.13,2024-03-22
5_2024-03-22 00:45:00,5,2024-03-22T00:45:00,0.13,2024-03-22
5_2024-03-22 00:30:00,5,2024-03-22T00:30:00,0.13,2024-03-22
5_2024-03-22 07:45:00,5,2024-03-22T07:45:00,0.13,2024-03-22
5_2024-03-22 07:30:00,5,2024-03-22T07:30:00,0.12,2024-03-22
5_2024-03-22 01:30:00,5,2024-03-22T01:30:00,0.12,2024-03-22
5_2024-03-22 01:45:00,5,2024-03-22T01:45:00,0.12,2024-03-22
5_2024-03-22 00:15:00,5,2024-03-22T00:15:00,0.14,2024-03-22